smiles,pchembl_value,pred
Cc1ccc2c(O)cc(-c3ccc([N+](=O)[O-])cc3)nc2n1,6.29,6.502839454085733
CCN(C(C)=O)c1ccc(OC)c2nc(NC(=O)N3CCC(O)(c4cccc(C(F)(F)F)c4)CC3)sc12,6.68,6.846747855735306
CCCCn1cnc2c1c(=O)n(C)c(=O)n2CCC,5.51,6.271156095709735
CNc1nc(Cl)nc2c1ncn2[C@@H]1S[C@H](C(=O)NC2CC2)[C@@H](O)[C@H]1O,5.56,6.241388143062421
CCCn1c(=O)c2nc(-c3ccc(OCC(=O)Nc4ccc(C(N)=O)cc4)cc3)[nH]c2n(CCC)c1=O,7.41,6.704393476572447
CCCn1c(=O)c2c(cc(-c3ccc(C)cc3)n2O)n(CCC)c1=O,6.4,6.444910172883851
CCn1nnc([C@H]2O[C@@H](n3cnc4c(N)nc(N[C@H](CO)Cc5ccc(O)cc5)nc43)[C@H](O)[C@@H]2O)n1,8.2,6.9233674441192745
Nc1nc(-c2ccco2)c2nnn(Cc3ccccn3)c2n1,7.92,7.479535142017056
CCCn1c(=O)c2[nH]c(-c3ccc(OCC(=O)Nc4ccc([N+](C)(C)C)cc4)cc3)cc2n(CCC)c1=O,6.15,6.7628267996509095
CCNC(=O)[C@H]1O[C@@H](n2cnc3c(NCC(c4ccccc4)c4ccccc4)nc(NC4CCCC4)nc32)[C@H](O)[C@@H]1O,8.21,6.519494787564471
CCOC(=O)CN1CCC(NC(=O)Nc2nc3nn(C)cc3c3nc(-c4ccco4)nn23)CC1,5.96,6.800439455013245
O=C(NCCNC(=O)c1nc(NCC(c2ccccc2)c2ccccc2)c2ncn([C@@H]3O[C@H](CO)[C@@H](O)[C@H]3O)c2n1)NCCN1CCCCC1,7.35,6.589505700850802
COCCNc1nc(-c2ccco2)c(C(=O)c2ccccc2)s1,6.71,6.940762303568694
Nc1nc2c(ncn2CCN2CCN(c3ccccc3)CC2)c2nc(-c3ccco3)nn12,8.77,7.49906399006413
Cc1ccc2c(O)cc(-c3ccccc3)nc2n1,6.313333333333333,6.453654795454679
CCCn1c(=O)[nH]c2nc(-c3ccc(S(=O)(=O)N4CCN(Cc5ccc(OC)cc5)CC4)cc3)[nH]c2c1=O,6.48,6.652141706076245
Cn1cc2c(nc(NC(=O)NC3CCN(Cc4ccccc4)CC3)n3nc(-c4ccco4)nc23)n1,6.28,6.761790421639185
CCCn1c(-c2ccco2)nc2c(NCc3ccccc3)ncnc21,7.1,6.7480119228262385
CCc1cc(Cn2nnc3c(-c4ccco4)nc(N)nc32)ccc1N,9.0,7.480205141896751
CCCn1c(=O)c2[nH]c(-c3ccc(OCC(=O)Nc4ccc(CC(=O)OCC)cc4)cc3)cc2n(CCC)c1=O,6.62,6.782715667025601
CC(=O)Nc1cc(-c2ccccc2F)nc(-c2ccccc2F)n1,7.13,6.792669932128247
Cn1c(=O)c2c(nc3n2CCCN3CCc2ccc(Cl)cc2)n(C)c1=O,5.25,6.317163589460816
CC(Oc1ccc(-c2cc3c([nH]2)c(=O)n(C)c(=O)n3C)cc1)C(=O)Nc1ccc(Br)cc1,7.57,6.543127327699606
Cn1c(-c2cccc(F)c2)nc2c(N)nc(C#CC3(O)CCCC3)nc21,8.01,6.767946331162162
Cn1cc2c(nc(NC3CCCCCCC3)n3nc(-c4ccco4)nc23)n1,6.55,6.749862679736668
Nc1nc(Cc2ccccc2O)nc2cn(-c3ccccc3)nc12,7.05,6.714720694717592
CCOC(=O)c1cnc(NC(=O)Cc2ccccc2)n2nc(-c3ccco3)nc12,4.37,7.030151614676578
CC(=O)Nc1ccc(-c2ccncc2)c(-c2ccco2)n1,6.68,6.9755757659956545
O=C(NC1CC1)c1nc(NCc2cccnc2)nc2ccsc12,6.15,6.513701601741194
CCCNc1c(C(=O)OCCC)cnc2c1cnn2CC(Cl)c1ccccc1,5.86,6.529929352681873
Cc1noc(-c2sc(NC(=O)Cc3ccccc3)nc2-c2ccccc2)n1,7.24,6.6621767926516
O=C(Nc1cnc(-c2ccncc2)c(-c2cnco2)n1)C1CC1,6.2,6.641323673901871
Nc1ncnc2c1ncn2C1CCCC1,5.75,6.295212706941079
O=C(Cc1ccccc1)Nc1nc2nn(CCc3ccccc3)cc2c2nc(-c3ccco3)nn12,7.29,7.053912975445348
Cc1cc(C)n(-c2cc(NC(=O)COc3cccc(CN)c3)nc(-c3ccc(C)o3)n2)n1,9.335,7.373728748936616
COc1ccccc1Cn1c(=O)n(-c2cccc(F)c2)c2nc(NC3CC3)ncc21,7.05,6.688210378470506
CCN(CC)C(=O)C1CCCN(C(=O)c2cc(N)n3nc(-c4ccc(Br)o4)nc3c2)C1,8.1,7.032425832396972
CCCn1c(=O)c2[nH]c(-c3ccco3)c(O)c2n(CCC)c1=O,6.98,6.784877979756634
OC[C@H]1OC(n2cnc3c(NC4CCCCC4OCc4ccccc4)ncnc32)[C@H](O)[C@@H]1O,5.01,6.084796434432073
Nc1nc(-c2ccc(F)cc2)c2c(n1)-c1cc(CNN3CCCC3)ccc1C2=O,7.89,7.217186071082684
CCCn1cnc2c(N)nc(NCCc3ccccc3)nc21,6.13,6.695711441396057
CCCN(CCCNC(=O)CCCC(=O)Oc1ccc(CCNc2nc(N)n3nc(-c4ccco4)nc3n2)cc1)CCc1cccc2c1CC(=O)N2,7.455,7.01093150390943
C=CCn1c(Br)nc2c(N)ncnc21,6.14,6.5427235049269425
COCCOc1ccc(N2CCN(CCn3cnc4c3nc(N)n3nc(-c5ccccc5C(F)(F)F)nc43)CC2)cc1,8.0,7.134859438671116
O=C(Nc1cc(-c2ccccc2)nc(-c2ccccc2)n1)C1CCC1,6.75,6.580228972839322
Nc1nc2c(cnn2CCc2cccc(-c3cccnc3)c2)c2nc(-c3ccco3)nn12,8.26,7.537776543664648
C=Cc1cc2nc(NCc3cccnc3)nc(C(=O)c3cccs3)c2s1,5.43,6.5548429215979995
Nc1nc(NCc2cccc(O)c2)nc2sc(-c3ccco3)nc12,7.643333333333333,7.215957978448577
CCCn1c(=O)c2[nH]c(-c3ccccc3)nc2n(CCCOC)c1=O,6.47,6.459242757835741
C=CCn1c(=O)c2c(nc(Cc3cccs3)n2C)n(Cc2ccco2)c1=O,6.51,6.685299656782729
COc1cccc(-c2n[nH]c(Cc3cccc(Br)c3)n2)c1,8.0,6.748999519847676
O=C(COc1ccccc1)Nc1nc(-c2ccc(F)cc2)n[nH]1,5.46,6.62972373167203
CCNC(=O)[C@H]1O[C@@H](n2cnc3c(N)nc(NCCN4CCN(c5ccc(Cl)cc5F)CC4)nc32)[C@H](O)[C@@H]1O,8.315000000000001,6.9588221861239274
Cn1cc2c(nc(NC(=O)CCCc3cn(CCCCCCNC(=O)c4ccc(-c5c6ccc(=N)c(S(=O)(=O)O)c-6oc6c(S(=O)(=O)O)c(N)ccc56)c(C(=O)O)c4)nn3)n3nc(-c4ccco4)nc23)n1,7.05,6.94160513489399
CNc1nc(Cl)nc2c1ncn2[C@@H]1SCC(O)[C@@H]1O,8.43,6.091090194343549
CCn1cc2c(nc(NC(=O)Cc3ccccc3)n3nc(-c4ccco4)nc23)n1,6.47,7.0373127130967505
Nc1nc(-c2ncccn2)nc2sc(Cc3ccccc3)cc12,7.77,6.830771154040805
CCCn1c(=O)[nH]c2nc(-c3ccc(S(=O)(=O)N4CCN(Cc5ccc(C(F)(F)F)cc5)CC4)cc3)[nH]c2c1=O,6.84,6.651668670104636
CCCn1c(=O)[nH]c2nc(-c3ccc(S(=O)(=O)N4CCN(Cc5cccc(C(F)(F)F)c5)CC4)cc3)[nH]c2c1=O,6.51,6.725992504835157
CCC(=O)Nc1cnc(-c2ccncc2)c(-c2ccco2)n1,7.26,6.996439674716643
CCn1cc2c(nc(NC(=O)Nc3ccc(Cl)cc3)n3nc(-c4ccco4)nc23)n1,6.8,6.908781800862004
CN(C)CCn1ncc2c1nc(N)n1c(=O)n(Cc3cccc(Cl)c3)nc21,8.28,6.924683159946241
Nc1nc2c(cnn2CCc2ccc(-c3cccnc3)cn2)c2nc(-c3ccco3)nn12,7.94,7.490990105872773
Nc1nc2nn(CCc3ccccc3)cc2c2nc(-c3ccc(Cl)cc3)nn12,5.66,6.712245268558601
Nc1nc2nn(CCc3ccccc3)cc2c2nc(-c3ccco3)nn12,9.49,7.268216826209327
Clc1ccc(COC(Cn2ccnc2)c2ccc(Cl)cc2Cl)cc1,4.96,6.553966173221232
Cc1nc(-c2sc(NC(=O)Cc3ccccc3)nc2-c2ccccc2)no1,7.6,6.6954199715741325
CCCn1c(=O)c2[nH]c(-c3ccc(OCC(=O)O)cc3)cc2n(C)c1=O,5.39,6.495108495294005
CCCn1cc2c(nc(NC(=O)Cc3ccccc3)n3nc(-c4ccco4)nc23)n1,6.51,7.046658762913962
CCn1c(=O)n(CC(C)C)c(=O)c2[nH]c(-c3cnn(-c4ccc(C(F)(F)F)nc4)c3)nc21,5.27,6.463569203215367
Nc1nc(N2CCN(Cc3ccccc3)CC2)nc2nc(-c3ccco3)nn12,7.69,7.213563612353758
CCOc1cc(-c2ccccc2)nc2nc(Br)ccc12,5.775,6.537889393867052
CCC(CO)Nc1nc2nn(C)cc2c2nc(-c3ccco3)nn12,6.68,6.8002377298317755
C[C@@H](Oc1ccc(Cl)cc1)C(=O)Nc1nc(-c2ccccc2)n[nH]1,5.4,6.390675387185312
CCNC(=O)[C@H]1O[C@@H](n2cnc3c(N)nc(NC(=O)CCC4CCCC4)nc32)[C@H](O)[C@@H]1O,4.97,6.673308519202962
CCN1CCN(c2ccc3c(c2)-c2nc(N)nc(-c4ccccc4)c2C3=O)CC1,7.94,7.22053473173019
COC[C@@H]1CCCN1c1cc(NC(C)=O)nc(-c2nccs2)n1,7.82,6.855428061560959
CCCn1c(=O)c2nc(-c3ccc(OCC(=O)c4ccc(I)cc4)cc3)[nH]c2n(CCC)c1=O,8.67,6.582550287430989
Cn1cc2c(nc(NC(=O)Cc3cccc4ccccc34)n3nc(-c4ccco4)nc23)n1,7.09,6.957521645869005
Nc1nc(Oc2ccccc2)nc2nc(-c3ccco3)nn12,7.75,7.181807676020313
O=c1c2c(nc3ccccn32)n(Cc2ccccc2)c(=O)n1CC1CC1,6.62,6.411090216475455
CC(=O)CCc1nc(N)c2nc(-n3nccn3)n(C)c2n1,7.439999999999999,6.759123802639943
CCNC(=O)[C@H]1O[C@@H](n2cnc3c(N)nc(F)nc32)[C@H](O)[C@@H]1O,8.25,6.66441214276673
CNC(=O)[C@H]1[Se][C@@H](n2cnc3c(NC4CCCC4)ncnc32)[C@H](O)[C@@H]1O,5.96,6.053637163458971
Cc1ccc(-c2nc(-c3ccccc3)c3[nH]cnc3n2)cc1,6.54,6.4941962686251475
CC(C)n1cc2c(Cl)nc(NC(=O)c3ccccc3)nc2n1,5.34,6.26468912992435
CCN(C(=O)c1ccc(C(=O)c2cnc3ccc(Br)cn23)cc1)C1CCCCC1,6.97,6.591607524439854
O=c1c2ncn3nc(-c4ccccc4)cc3c2c(-c2ccncc2)nn1Cc1ccccc1,7.17,6.639078202198246
COc1ccccc1N1CCN(C(=O)COc2ccc(-c3cc4c([nH]3)c(=O)n(C)c(=O)n4C)cc2)CC1,5.63,6.548979340153146
CC(C)Nc1nc(NC2CCCCC2)n2nc(-c3ccco3)nc2n1,6.4,6.838591229826096
OCCNc1nc(-c2ccco2)c2cnn(CCc3ccccc3)c2n1,6.87,7.016140953064344
C=CCN1CCC(NC(=O)Nc2nc3nn(C)cc3c3nc(-c4ccco4)nn23)CC1,5.85,6.787091566055521
Nc1nc(OCCc2c[nH]c3ccc(Br)cc23)nc2c1ncn2[C@@H]1O[C@H](CO)[C@@H](O)[C@H]1O,6.3,6.5947328133272505
CCCn1c(=O)c2nc(-c3ccc(OCC(=O)Nc4ccc(C(F)(F)F)cc4)cc3)[nH]c2n(CCC)c1=O,6.62,6.640756025273942
CN1CCN(C(=O)n2nc(-c3cnc4ccc(F)cn34)c3ccc(C(=O)N4CCCCCC4)cc32)CC1,6.54,6.787723597492769
COc1cccc(-c2n[nH]c(CCc3ccc(Cl)c(Cl)c3)n2)c1,6.0,6.69768369244594
CCCn1c(=O)c2[nH]c(-c3ccc(OCC(=O)Nc4ccc(Br)cc4)cc3)c(Cl)c2n(CCC)c1=O,6.9,6.694944623078824
COC(C)COc1ccc(N2CCN(CCn3ncc4c3nc(N)n3nc(-c5ccco5)nc43)CC2)cc1,8.8,7.698007388370373
Nc1nc(-c2cccs2)c2c(n1)-c1ccccc1C2=O,9.22,6.974782450244026
Cc1noc(-c2sc(NC(=O)CC(C)C)nc2-c2ccccc2)n1,7.32,6.6896254301361555
COCCOc1ccc(N2CCN(CCn3cnc4c3nc(N)n3nc(-c5ccccc5)nc43)CC2)cc1,8.43,7.115103104697154
CCn1c(-c2ccccc2)nc2c(NC3CCCC3)ncnc21,6.48,6.293272659333402
c1ccc(-c2nc(-c3ccccc3)c3nc(C4CCCCC4)nc-3[nH]2)cc1,6.93,6.515158701454607
Nc1nc(-c2ccco2)c2nnn(Cc3ccc4[nH]ncc4c3)c2n1,8.07,7.425950512919025
CCCC(=O)Nc1nc(-c2ccccc2)n[nH]1,5.96,6.426585514015943
Nc1nc(-c2ncco2)nc2sc(CN3CC=CCC3)cc12,6.62,6.917079066498938
Nc1nc(-c2ccco2)c2nnn(CC3CCCCC3)c2n1,8.07,7.287514366175079
CCNC(=O)[C@H]1O[C@@H](n2cnc3c(NCC)nc(C#C[C@H](C)O)nc32)[C@H](O)[C@@H]1O,6.11,6.3044082945498845
Cn1c(=O)n(CCN2CCN(c3ccc(OC(F)F)cc3)CC2)c2nc(N)n3nc(-c4ccco4)nc3c21,9.145,7.434484034130885
COc1cccc2c(C(=O)NCc3cccc(C(C)C)n3)nc(N)nc12,9.7,7.067836792443001
CN(C)c1nc(-c2ccco2)c(C(=O)c2ccccc2)s1,5.17,6.894898023536143
CCNC(=O)[C@H]1O[C@@H](n2cnc3c(NCC(c4ccccc4)c4ccccc4)nc(NCCc4ccccc4)nc32)[C@H](O)[C@@H]1O,7.18,6.64156335731642
CCCn1c(=O)c2nc([C@H]3CC[C@H](NC(=O)OCc4ccccc4)CC3)[nH]c2n(CCC)c1=O,5.53,6.4899678368139515
Nc1nc(-c2ccco2)c2ncn(Cc3cccc(C(=O)O)c3)c2n1,5.39,7.279294657909672
O=C(O)c1cnc(NCC2CCCCC2)n2nc(-c3ccco3)nc12,4.47,6.936427356948613
CCCn1c(=O)c2[nH]c(-c3ccc(OCC(=O)Nc4ccc(OC(F)(F)F)cc4)cc3)cc2n(CCC)c1=O,6.97,6.790772173857688
Nc1nc(-c2ccc(C(F)F)o2)nc2sc(CN3CCC(F)CC3)cc12,7.38,7.054437959325905
CC(C)CCn1cc2c(nc(NC(=O)Cc3ccc(-c4ccccc4)cc3)n3nc(-c4ccco4)nc23)n1,8.04,7.077513893886868
CCn1c(=O)n(C)c(=O)c2[nH]cnc21,5.33,6.363399291196023
Nc1nc2nn(CCc3cccc4ccccc34)cc2c2nc(-c3ccco3)nn12,6.05,7.2946307199719715
Cc1ccc(-c2nc(N)c3cc(-c4ccccc4)sc3n2)o1,7.17,7.0468412164440455
CCC(=O)Nc1cc(-c2ccco2)nc(-c2ccco2)n1,8.19,7.155079792783198
COCCCn1c(NC(=O)c2cccc(C#N)c2)nc2cc(C(=O)N3CCCC[C@H]3C)cnc21,8.11,6.7954080540015385
Nc1cc(-c2ccc3c(c2)OCO3)nc(-c2ccccc2)n1,6.25,6.738390848168278
Cn1cc2c(nc(NC(=O)Cc3ccc4ccccc4c3)n3nc(-c4ccco4)nc23)n1,7.11,6.99242637539763
Nc1nc2c(cnn2CCCc2ccc(OCC(=O)O)cc2)c2nc(-c3ccco3)nn12,7.99,7.560565661315616
CCCn1c(=O)c2nc(-c3ccc(OCC(=O)N(Cc4ccccc4)Cc4ccccc4)cc3)[nH]c2n(CCC)c1=O,6.19,6.535162503267702
Nc1nc(-c2ccccc2)nc2sc(-c3ccccc3)cc12,6.68,6.7233328661131795
CNc1ccc(Cn2nnc3c(-c4ccco4)nc(N)nc32)cc1,8.8,7.388097339883378
Cc1cc(OCC(=O)Nc2cc(-n3nc(C)cc3C)nc(-c3ccc(C)o3)n2)cc(C)n1,9.15,7.347038511386634
CC(C)(C)OC(=O)N1[C@H]2CC[C@H]1[C@H](Nc1ncnc3c1ncn3[C@@H]1O[C@H](CO)[C@@H](O)[C@H]1O)C2,4.46,6.180612220765142
Cn1c(=O)c2nc(-c3cnn(Cc4cccc(C(F)(F)F)c4)c3)[nH]c2n(C)c1=O,6.16,6.532991896362087
Cn1c(=O)c2[nH]c(-c3ccc(OCC(=O)N4CCN(c5ccc(O)cc5)CC4)cc3)cc2n(C)c1=O,6.21,6.520744590245593
Nc1nc(-c2ccco2)c2cn[nH]c2n1,7.32,7.16338458960885
COCCCn1c(NC(=O)c2ccc(C#N)cc2)nc2cc(C(=O)NCc3cccc(OC)c3)ccc21,5.78,6.764135553228978
CSCCn1c(=O)c2[nH]c(Cc3cccs3)nc2n(Cc2ccco2)c1=O,5.68,6.672951592259804
CNc1nc(C#C[C@@H](O)c2ccccc2)nc2c1ncn2[C@@H]1O[C@H](CO)[C@@H](O)[C@H]1O,6.79,6.228783743480723
NCC1CCC(CNc2nc(N)n3nc(-c4ccco4)nc3n2)CC1.O=C(O)C(F)(F)F,7.77,7.084330371109746
O[C@@H]1[C@@H](CCl)O[C@@H](n2cnc3c(NC4CC5CCC4C5)nc(Cl)nc32)[C@@H]1O,5.69,6.080848649427024
CC(C)(C)OC(=O)N1CCN(c2cccc(-c3cc4nc(-c5ccco5)nn4c(N)n3)c2)CC1,9.3,7.261604169886499
CC(=O)Nc1cc(-c2cccc(O)c2)nc(-n2nc(C)cc2C)n1,8.7,7.088543313749367
Nc1nc(-c2ccc(Cl)o2)nc2sc(CN3CCCC(F)(F)C3)cc12,8.04,7.004948944044328
Cn1c(=O)c2nn(C3CCCC3)nc2n(C)c1=O,4.24,6.165408933408202
O=C(Cc1ccccc1)Nc1nn2c(-c3ccco3)nnc2s1,5.29,6.861123701910889
Cn1c(=O)n(CCN2CCN(c3ccc(OC4CC4)cc3)CC2)c2nc(N)n3nc(-c4ccco4)nc3c21,9.56,7.3911465369064455
CCOC(=O)c1c(NC(=O)c2sc(Nc3ccc(C)cc3)nc2N(C)C)sc(C(=O)OC)c1C,4.58,6.612724335368822
CCCn1cnc2c(NCc3ccccc3)ncnc21,4.65,6.240579157898161
CCCn1c(=O)c2[nH]c(-c3cnn(-c4ccccn4)c3)nc2n(CC)c1=O,6.39,6.490412289128308
Nc1nc2c(cnn2CCN2CCc3nc(C(F)(F)F)ccc3C2)c2nc(-c3ccco3)nn12,8.3,7.5477801060919605
COc1cc(-c2nc3c([nH]2)c(=O)n(C)c(=O)n3C)ccc1OCCN1CCCC1,6.0,6.526443194022114
COc1ccc(-n2ccnc2SCC(=O)c2c(N)n(C3CC3)c(=O)[nH]c2=O)cc1,4.6,6.5895713577052675
COCCNc1nc2nn(C)cc2c2nc(-c3ccco3)nn12,6.39,6.887490090027166
Cc1ccc(-c2nn3c(N)nc4ccccc4n3c2=O)cc1,7.3,6.686303478828234
O=c1oc2c(O)c(O)ccc2cc1-c1cccs1,5.0,6.601736799067967
O=C(NCc1ccccc1)c1cnc2nc(Br)ccc2c1O,5.45,6.54680877698136
C=CCn1c(=O)c2[nH]c(Cc3cccs3)nc2n(Cc2ccco2)c1=O,5.84,6.6885592902005655
N#Cc1c(N)nc(-n2cccn2)nc1-n1cccn1,8.15,6.755749206450735
CCNC(=O)[C@H]1O[C@@H](n2cnc3c(NCC(c4ccccc4)c4ccccc4)nc(C(=O)NCCNC(=O)NCCc4ccccc4)nc32)[C@H](O)[C@@H]1O,8.0,6.706804012853736
COc1ccccc1-c1cc(C(=O)NCc2ccccn2)nc(N)n1,7.24,7.082305976857941
O=C(Nc1ccc(F)cc1)Nc1ccc(Nc2nc(-c3ccccc3)nc3c2nnn3Cc2ccccc2)cc1,5.526666666666666,6.611873013447765
CCCCc1nc2[nH]cnc2c2nc(-c3ccccc3Cl)nn12,7.75,6.5924763610210775
CNc1nc(-c2ccco2)c2sccc2n1,7.4,6.964749479992814
CCn1nnc([C@H]2O[C@@H](n3cnc4c(N)ncnc43)[C@H](O)[C@@H]2O)n1,8.36,6.71205424832367
Nc1ccc(N)c2c1C(=O)c1ccccc1C2=O,6.5,6.555025401982408
O=C(O)c1cnc(NCc2ccc(F)cc2)n2nc(-c3ccco3)nc12,5.19,7.091569967898371
CCc1ccc(-c2nc(N)c3cc(CN4CCOCC4)sc3n2)o1,7.1,7.122947697556398
CCCn1c(=O)c2c(nc(/C=C/c3ccc(OC)c(OC)c3)n2C)n(CCC)c1=O,8.075,6.51018458938284
Cn1cc2c(nc(NC3CCC3)n3nc(-c4ccco4)nc23)n1,7.08,6.7444819170868495
Nc1nc(C(=O)NCc2cccc3[nH]cnc23)c2cccc(F)c2n1,7.6,7.0825045455680335
COc1cc(OCC(=O)N2CCc3ccccc3C2)ccc1-c1cc2c([nH]1)c(=O)n(C)c(=O)n2C,4.92,6.572209698806761
Cc1nc(-c2sc(NC(=O)CC(C)C)nc2-c2ccccc2)no1,7.48,6.72501104757509
CCN(CC)Cc1cccc2c1-c1nc(N)nc(-c3ccccc3)c1C2=O,7.74,7.009763542016648
Cc1ccc2c(O)cc(-c3ccc(N)cc3)nc2n1,6.63,6.612251908265276
Cn1cc2c(nc(NNC(=S)Nc3ccc(C4c5ccc(O)cc5OC5=CC(=O)C=CC54)c(C(=O)O)c3)n3nc(-c4ccco4)nc23)n1,6.03,6.767259643167153
Nc1nc(NC(=O)CCCC2CCCCC2)nc2c1ncn2[C@@H]1O[C@H](CO)[C@@H](O)[C@H]1O,5.71,6.458462630358463
N#Cc1ccccc1-c1nc(N)c2cc(CN3CCC(F)CC3)sc2n1,5.99,6.922044166834797
COc1ccc(CCCN(C)c2cc3nc(-c4ccco4)nn3c(N)n2)cc1,8.24,7.32732338186896
CCCn1c(=O)c2[nH]c(-c3ccc(OCC(=O)Nc4ccc(-c5ccccc5)cc4)cc3)cc2n(C)c1=O,5.54,6.694676727735031
CCOC(=O)c1sc(NC(=O)c2ccco2)nc1-c1ccccc1,7.89,6.77482371330282
COCCOc1ccc(N2CCN(CCn3ncc4c3nc(N)n3nc(-c5ccco5)nc43)CC2)c(F)c1,9.4,7.707736302773101
Nc1nc(NCCc2ccco2)nc2sc(-c3ccco3)nc12,8.523333333333333,7.233464404235733
CCCn1c(=O)c2[nH]c(-c3ccc(OCC4CC(=O)N(c5ccc(C(F)(F)F)cc5)C4)nc3)nc2n(CCC)c1=O,7.28,6.578425428230548
CCN(C(C)=O)c1ccc(OC)c2nc(NC(=O)c3ccc(C(=O)NC)cc3)sc12,7.08,6.833887375023011
COc1ccc(N(CC(=O)N(C)C)C(C)=O)c2sc(NC(=O)c3ccc(F)cc3)nc12,6.32,6.8576576868900165
N#Cc1cccc(-c2nc(N)c3cc(CN4CCC(F)CC4)sc3n2)c1,7.26,6.968498986662024
COc1ccccc1-n1cc2nc(-c3ccc(C)o3)nc(N)c2n1,6.29,6.9468370021606605
Cc1csc(-c2nc(N)c3cc(Cc4ccccc4F)sc3n2)n1,8.01,7.02231778196504
CC(C)CCn1cc2c(nc(NC(=O)Nc3cccc(Cl)c3)n3nc(-c4ccco4)nc23)n1,6.94,6.9554254006089575
N#Cc1c(-c2cccs2)cc(-c2ccco2)nc1N,8.85,7.136840543021504
Nc1nc(-c2ccccc2)c2c(n1)-c1cc(NCCc3ccncc3)ccc1C2=O,9.05,7.169321502350525
Cc1ccc(-c2cc3c([nH]2)c(=O)n(C)c(=O)n3C)cc1,6.9,6.2979128722789115
O=C1c2ccccc2C(=O)c2cc(OCC(O)CN3CCCCC3)ccc21,5.3,6.623332995231199
Cn1c(=O)c2nc(-c3ccc(S(=O)(=O)NCCc4ccccc4)cc3)[nH]c2n(C)c1=O,7.49,6.481626998239451
Cc1cc2[nH]c3cccnc3c2c(C)c1O,4.6,6.491028025150612
Nc1cc(-c2ccco2)cn2cc(-c3ccccc3)nc12,6.38,7.047932142879281
COc1cccc2c(C(=O)N[C@H]3CCCc4cccnc43)nc(N)nc12,6.75,6.858911722577934
CC(=O)Nc1cc(-c2ccc(F)cc2)nc(-c2ccc(F)cc2)n1,5.88,6.746092152690987
CCCn1c(=O)c2nc(-c3ccccc3)[nH]c2n(CCC)c1=O,5.68,6.370319772184687
Cn1c(-n2nccn2)nc2c(N)nc(NCCc3ccc(O)cc3)nc21,5.01,6.818092055811687
CCOC(=O)c1nc(NC(=O)Cc2ccccc2)nc2nn(CC(C)(C)C)cc12,5.24,6.419515867753316
COc1ccccc1Cn1cc2nc(-c3ccco3)nc(N)c2n1,8.24,7.19258036762195
Cc1cc(CNC(=O)c2cc(-c3ccc(C)o3)nc(N)n2)no1,8.07,7.187329062442183
O=C(CC1CCCC1)Nc1ccc(C(=O)Nc2nccs2)cc1,7.17,6.566548167553509
N#Cc1cccc(-c2nc(N)c3cc(CN4CC=CC4)sc3n2)c1,7.08,6.974173166983523
Cc1ccccc1-n1cc2c(n1)c(NC1CCCC1)nc1ccccc12,6.48,6.302614099873036
COc1cccc2c1nc(N)n1nc(CN3CCN(c4ccccn4)C[C@H]3C)nc21,7.43,7.132833246344809
CCn1nnc([C@H]2O[C@@H](n3cnc4c(NCc5cccs5)ncnc43)[C@H](O)[C@@H]2O)n1,7.42,6.605809798763191
O=c1n(-c2ccccc2)nc2c(NC3CCCCC3)nc3ccccc3n12,5.86,6.345474951179903
N#Cc1c(-c2ccc(F)cc2)cc(C2CC2)nc1N,6.97,6.7692470101683995
CC(C)Sc1nc(-n2cccn2)nc(N)c1Br,8.15,6.734990968671499
CCCn1c(=O)c2nc(C34CCC(CCC(=O)O)(CC3)CC4)[nH]c2n(CCC)c1=O,5.19,6.357204870698054
COc1cccc(-c2cn3c(=O)n(-c4ccccc4)nc3c(N)n2)c1,8.17,6.780067981574857
Nc1nc(-c2ccco2)c2nnn(Cc3ccc4[nH]ccc4c3)c2n1,8.96,7.430501177898298
Cc1cc(C)n(-c2cc(NC(=O)COc3cccc(F)c3)nc(-c3ccc(C)o3)n2)n1,8.43,7.368028806151898
COc1nc(C(=O)c2cccs2)c2sccc2n1,7.1,6.604543755518992
COCCOc1ccc(N2CCN(CCn3c(=O)n(C)c4c3nc(N)n3nc(-c5ccco5)nc43)CC2)cc1,9.04,7.49767687179254
O=C(c1ccccc1)c1sc(NCc2ccco2)nc1-c1ccco1,7.37,6.959379386227458
O=C(c1ccccc1)c1sc(NCCc2cccs2)nc1-c1ccco1,7.92,6.952204076593532
CC(C)(O)CC(=O)Nc1ccc(C(=O)Nc2nccs2)cc1,5.96,6.647654656259945
CCCCC(CC)CNc1ncc(C(=O)O)c2nc(-c3ccco3)nn12,4.47,7.003067336926338
COc1ccc(Nc2nc3c(Cl)ncnc3s2)cc1,5.45,6.35773738755951
Cc1cc(C)n(-c2cc(NC(=O)COc3cc(F)cc(CN4CCCC4)c3)nc(-c3ccc(C)o3)n2)n1,9.3,7.316690117621507
Cl.N=C1N(CCCCc2ccccc2)C[C@@H]2Cc3ccccc3CN12,4.46,6.508482636555689
N#CCSc1nc2cc(C(=O)N3CCC(C(N)=O)CC3)ccc2c2nc3ccccc3n12,6.0,6.677193429183968
Cc1ccc(-c2cc(C(=O)NCc3ccccn3)ncn2)o1,7.01,6.918023189784175
Cn1cc2c(nc(NC(=O)Cc3cccc(Cl)c3)n3nc(-c4ccco4)nc23)n1,7.52,6.9255225690457305
N#Cc1c(-c2ccco2)cc(-c2ccccc2)nc1N,7.72,7.11710565897255
C#CCn1c(Br)nc2c(N)nc(C#CCCCCCC)nc21,9.25,6.6201623848908
COc1ccc2c(c1)CN(CCn1ncc3c1nc(N)n1nc(-c4ccco4)nc31)CC2,8.49,7.63005572151917
CCNC(=O)[C@H]1O[C@@H](n2cnc3c(N)nc(NCCc4ccc(CCC(=O)O)cc4)nc32)[C@H](O)[C@@H]1O,7.464516129032258,6.842286883063039
CC(C)(C)OC(=O)NCCNc1nc(NCCNC(=O)OC(C)(C)C)n2nc(-c3ccco3)nc2n1,5.36,7.0497553690629315
O=C(CCN1CCCCC1)Nc1cc(-c2ccco2)c2oc(-c3ccco3)nc2c1,7.09,6.9960160454675675
CNC(=O)[C@H]1O[C@@H](n2cnc3c(NCc4ccccc4)nc(N)nc32)[C@H](O)[C@@H]1O,5.5,6.450996986624693
CCCN(CCCNc1nc(Oc2ccc(CCNc3nc(N)n4nc(-c5ccco5)nc4n3)cc2)nc(N2CCOCC2)n1)CCc1cccc2c1CC(=O)N2.O=CO,6.92,7.023467221834086
Cn1cc2c(nc(N)n3nc(-c4ccco4)nc23)n1,8.55,7.140326647854735
Cc1ccc(Nc2[nH]c3ccccc3c3nc(C4CCCC4)nc2-3)cc1,5.28,6.482662783868186
CC(=O)c1ccc(/C=C/c2cc3c(c(=O)n(C)c(=O)n3C)n2C)cc1,7.03,6.405537978309577
Cc1ccc(-n2nc(C)c3cnc(-c4ccc([C@H]5C[C@@H]5C(=O)O)cc4F)cc32)nc1,5.77,6.58558294968289
CCNC(=O)[C@H]1O[C@@H](n2cnc3c(NCC)nc(C#CCC(C)O)nc32)[C@H](O)[C@@H]1O,5.61,6.3214147582817874
CC(C)N1CCN(C(=O)c2ccc3c(c2)-c2nc(N)nc(-c4ccccc4)c2C3=O)CC1,7.68,7.108323471498227
CCCn1c(=O)c2[nH]c(-c3cnn(Cc4ccccc4)c3)nc2n(CCC)c1=O,6.54,6.430998076220679
CCn1c(=O)c2[nH]c(-c3ccc(OCC(=O)Nc4ccc(C#N)cc4)cc3)cc2n(CC)c1=O,6.92,6.711432975972781
CCCn1c(-c2ccccc2)nc2c(N)ncnc21,6.31,6.551400617727758
Nc1nc(NC2CCCCC2)nc2nc(-c3ccco3)nn12,8.45,7.04408823765645
Nc1nc(-c2ccc(C(F)F)o2)nc2sc(CN3CCOCC3)cc12,7.51,7.148511910264733
Nc1ncnc2c1ncn2[C@H]1[C@H](O)[C@H](O)[C@]2(CO)C[C@H]12,4.65,6.284891471663426
CCN(CCN1CCN(c2ccc(OCCOC)cc2)CC1)c1cc2nc(-c3ccco3)nn2c(N)n1,8.82,7.4228736553567485
COc1ccc(-c2cc(=O)[nH]c(Nc3ccccc3)n2)cc1OC,5.44,6.496184480938385
Cn1c(=O)c2[nH]c(-c3cccc(OCCN4CCCC4)c3)nc2n(C)c1=O,6.4,6.598668626357233
CC1CCC(N2CCCn3c2nc2c3c(=O)n(C)c(=O)n2C)CC1,6.21,6.332145416596572
Nc1nc(-c2ccco2)nc2sc(CN3CCC(F)(F)C3)cc12,8.06,7.289873035745238
CCn1nnc([C@H]2O[C@@H](n3cnc4c(NCc5cccc(F)c5)ncnc43)[C@H](O)[C@@H]2O)n1,7.484999999999999,6.597048704079933
Nc1nc(-c2ccco2)c2ncn(CCc3ccccc3)c2n1,6.57,7.234185132653373
COC(=O)c1cccc(Cn2ncc3c(-c4ccco4)nc(N)nc32)c1,8.4,7.358102446152907
Cc1cc(C)n(-c2cc(NC(=O)CCN3CC[C@H](N(C)C)C3)nc(-c3ccc(C)o3)n2)n1,8.62,7.2763755299341755
Nc1cc(C(=O)N2CCCC2)cc2nc(-c3ccccn3)nn12,7.24,6.886986470515582
CCn1c(=O)c2[nH]c(-c3cnn(Cc4cccc(F)c4)c3)nc2n(C)c1=O,6.64,6.629690593364458
CCNC(=O)[C@H]1O[C@@H](n2cnc3c(NCC)nc(C#CC(O)C4CCCC4)nc32)[C@H](O)[C@@H]1O,6.82,6.314301669276597
CC(C)n1cnc2c(N)ncnc21,5.39,6.3792558704233615
N#Cc1c(N)nc(SCc2cccnc2)c(C#N)c1-c1ccc(OCC2CC2)cc1,6.37,6.713900567995898
C#CCn1c(=O)c2c(nc3n2CCCN3C2CCN(Cc3ccccc3)CC2)n(C)c1=O,6.2,6.498430771279557
CCNC(=O)[C@H]1O[C@@H](n2cnc3c(NCC(c4ccccc4)c4ccccc4)nc(C(=O)NCCN(C)C(=O)NCCN4CCCCC4)nc32)[C@H](O)[C@@H]1O,6.52,6.766880735519616
Nc1nc(N[C@H](CO)Cc2ccccc2)nc2c1ncn2[C@@H]1C[C@H](n2ccccc2=O)[C@@H](O)[C@H]1O,5.26,6.636944444457224
O=C(Nc1cnc(-c2ccncc2F)c(-c2ncco2)n1)C1CC1,6.39,6.715421224748231
CN(C)CCOc1ccc(-c2nc3c([nH]2)c(=O)n(C)c(=O)n3C)cc1,9.4,6.499983396328638
CNc1ncc(C(=O)OC(C)c2ccccc2)c2nc(-c3ccco3)nn12,7.96,6.95939317230584
CCNC(=O)[C@H]1O[C@@H](n2cnc3c(NCC)nc(C#CC(O)c4cccc(C(=O)OC)c4)nc32)[C@H](O)[C@@H]1O,6.84,6.522534534512249
Cc1ccc(-c2nc3cc(C(=O)N4CCCC4)cc(N)n3n2)o1,7.77,7.10748324373793
Nc1nc2c(cnn2CCN2CCN(c3ccc(F)cc3F)CC2)c2nn(Cc3cccc(Cl)c3)c(=O)n12,7.63,7.096117838210839
CCNC(=O)[C@H]1O[C@@H](n2cnc3c(N)nc(N4CCN(c5ccc(OCc6ccc(Cl)cc6)cc5)CC4)nc32)[C@H](O)[C@@H]1O,7.380000000000001,6.748121920792448
CC(C)(C)NS(=O)(=O)c1ccc(-c2sc(C(=O)N[C@H]3C[C@H](C(=O)O)C3)nc2CC2CCCCC2)c2ccccc12,8.04,6.637972641175527
Cc1cccnc1CNC(=O)c1cc(-c2ccccc2C#N)nc(N)n1,6.91,7.010027677527719
Nc1nc(N2CCN(C(=O)Cc3ccccc3)CC2)nc2nc(-c3ccco3)nn12,7.02,7.127022002020311
CCCCn1c(=O)c2[nH]c(-c3cnn(Cc4cccc(F)c4)c3)nc2n(C)c1=O,6.66,6.615268384274927
Nc1cc(NC(=O)CN2CCCCC2)cc2nc(-c3ccco3)oc12,6.46,7.060571391109081
CNc1nc(-n2cc(-c3cccnc3)cn2)nc2c1ncn2C1O[C@H](CO)[C@@H](O)[C@H]1O,5.39,6.260347281108504
CCNc1ncc(C(=O)OCC)c2nc(-c3ccco3)nn12,7.3,7.065531475576695
Cn1c(=O)n(CCN2CCN(c3nc(C(F)(F)F)cs3)CC2)c2nc(N)n3nc(-c4ccco4)nc3c21,8.985,7.3529892988873105
CCNC(=O)[C@H]1O[C@@H](n2cnc3c(NNC(=O)c4ccc[nH]4)nc(Cl)nc32)[C@H](O)[C@@H]1O,5.5,6.312760214328852
COc1ccc(NC(=O)Nc2nc3nn(CCc4c(Br)cc(Br)cc4Br)cc3c3nc(-c4ccco4)nn23)cc1,5.69,6.942066180319051
CCCn1c(=O)c2nc(-c3ccc(OCC(=O)NN4C(=O)C(C)=C(C)C4=O)cc3)[nH]c2n(CCC)c1=O,5.71,6.608871924672506
CC(C)CCn1cc2c(nc(NC(=O)Cc3cccc(Cl)c3)n3nc(-c4ccco4)nc23)n1,8.73,7.093055362804438
O=C(c1ccc(F)cc1)c1c[nH]c(C(=O)NCCCn2ccnc2)c1,5.33,6.646129998854198
CCNC(=O)[C@H]1O[C@@H](n2cnc3c(N)nc(NCCc4ccc(CCC(=O)N[C@@H](Cc5ccccc5)C(=O)O)cc4)nc32)[C@H](O)[C@@H]1O,7.2,6.885773646718356
COc1cccc2c(C(=O)NCc3cccc(COC4CCCC4)n3)nc(N)nc12,9.3,6.998202381698041
COCC[C@@H]1CCCCN1c1cc(NC(C)=O)nc(-n2nc(C)cc2C)n1,6.56,7.020147958747536
N#Cc1ccc(-c2nc(N)c3cc(CN4CC=CC4)sc3n2)cc1,7.1,6.879879834625287
CC(C)n1cc(-c2nc(N)c3ncn([C@@H]4O[C@H](CO)[C@@H](O)[C@H]4O)c3n2)cn1,5.0,6.408275418394179
Nc1ccc2c(O)cc(-c3ccccc3)nc2n1,5.170000000000001,6.66443301644432
CCCCc1nc2[nH]cnc2c2nc(-c3ccc(F)cc3)nn12,6.29,6.632788763182904
Nc1nc(NCc2cccc(F)c2)nc2sc(-c3ccco3)nc12,9.09,7.246741633378248
Nc1nc(NCCN2CCC(c3ccccc3)CC2)nc2nc(-c3ccco3)nn12,7.864285714285714,7.126487921508527
O=C(Nc1nc(-c2ccccc2)c(C(=O)c2ccccc2)s1)c1ccco1,6.46,6.76660878299711
CCOC(=O)c1cnc(NC2CC2)n2nc(-c3ccco3)nc12,7.43,6.948775537686385
Nc1nc(-c2ccco2)c2ncn(Cc3ccc(C(F)(F)F)cc3F)c2n1,8.55,7.318558740969121
CCCn1cnc2c1c(=O)n(C)c(=O)n2CCC,5.3,6.270696183985475
CCCn1c(=O)n(C)c(=O)c2c1ncn2CC,5.23,6.272167920037288
CCC(=O)Nc1cc(-c2ccc3c(c2)OCO3)nc(-c2ccc3c(c2)OCO3)n1,5.59,6.764000792256871
COc1cccc(/C=C/c2cc3c(c(=O)n(C)c(=O)n3C)n2C)c1,6.41,6.4788899050833395
CCNC(=O)[C@H]1O[C@@H](n2cnc3c(NCC)nc(C#CC(O)c4ccc(OC)cc4)nc32)[C@H](O)[C@@H]1O,6.15,6.433431942559638
N#Cc1c(N)nc2c(c1-c1ccc(F)cc1)CCC2,6.63,6.723426340523195
O=C(Nc1nc(-c2ccccc2)nc2c1nnn2Cc1ccccc1)c1ccco1,6.24,6.710699744430634
Cc1nccnc1-c1nc2cc(N(C)CCN3CCN(c4ccc(F)cc4F)CC3)nc(N)n2n1,9.52,7.05536250824458
CC(=O)Nc1cc(N2CCOCC2)nc(-n2nc(C)cc2C)n1,6.5,7.1008118853729485
COc1cccc(-c2nc(N)c3cc(CN4CCC(F)CC4)sc3n2)c1,6.52,6.967796149325356
C=C(CCC)C1=CC=C(CC2CCCCCCC2)C2C=C(C3=CC=CC3)C=C12,6.46,6.52255260585725
Nc1cc(C(=O)N2CCCC2)cn2nc(-c3ccc(Br)o3)nc12,7.46,7.033841540009095
COc1ccc(N2CCN(C(=O)COc3ccc(-c4cc5c([nH]4)c(=O)n(C)c(=O)n5C)cc3)CC2)cc1,6.77,6.517169295350405
N#Cc1c(-c2ccccc2)nc(NC(=O)c2ccc(Cl)cc2)nc1-c1ccccc1,7.48,6.570459854787032
C#CCn1c(=O)c2c(nc3n2CCCN3Cc2cccc(OC)c2)n(C)c1=O,6.49,6.560959677780309
O=C(Nc1nc(-c2ccccc2)nc2nn(CCc3ccccc3)cc12)c1cccc(Cl)c1,6.5,6.539459927332084
Cc1cccnc1Nc1nc(-c2cccc(C#N)c2)c(-n2ccnc2)s1,5.57,6.704965866818935
CCOc1ccc2c(O)cc(-c3ccccc3)nc2n1,5.82,6.469509926990827
CONc1nc(C#Cc2cccc(C(F)(F)F)c2)nc2c1ncn2[C@@H]1O[C@H](CO)[C@@H](O)[C@H]1O,5.08,6.209568959514177
Cn1cc2c(nc(NCCCCCO)n3nc(-c4ccco4)nc23)n1,6.91,6.83163199946254
Cn1cc2c(nc(NC(=O)Nc3ccc(F)cc3)n3nc(-c4ccc(Br)cc4)nc23)n1,5.23,6.4496581446634
COc1ccccc1Cc1cc2c(N)nc(-c3nc(C)cs3)nc2s1,7.88,7.004911341030052
Cl.N=C1N(Cc2ccccc2)C[C@@H]2Cc3ccccc3CN12,4.19,6.481445702065609
CC(=O)Oc1cccc2cc(-c3cccs3)c(=O)oc12,4.73,6.626195724689064
CCNC(=O)[C@H]1O[C@@H](n2cnc3c(NCC)nc(C#CC4(O)CCCCC4)nc32)[C@H](O)[C@@H]1O,6.46,6.322047890876192
CCOc1ccc2c(=O)cc(-c3ccccc3)n(CC)c2n1,5.85,6.481923435291039
Nc1nc2c(ncn2Cc2ccccc2Br)c2nc(-c3ccco3)nn12,8.34,7.428352041286905
CCCn1c(=O)c2nc(-c3cnn(Cc4ccccc4C(F)(F)F)c3)[nH]c2n(CCC)c1=O,6.64,6.536099201285589
Cc1cccc(-c2cc(C(=O)NCc3ncccc3C)nc(N)n2)c1,8.05,7.010180558579019
CN1CCN(C(=O)c2cccc(-c3nc(N)nc(-c4ccccc4O)n3)c2)CC1,8.63,6.824749846196063
CCC(O)(C#Cc1nc(N)c2nc(-c3cccc(F)c3)n(C)c2n1)CC,7.89,6.8122441829087395
C#CCOc1cccc(-c2cn3c(=O)n(-c4ccccc4)nc3c(N)n2)c1,8.29,6.800711146287936
Cc1csc(-c2cc(C(=O)NCc3ncccc3C)nc(N)n2)n1,6.23,7.073877635898503
Cc1ccc2c(NC3CCCCC3)cc(-c3ccccc3)nc2n1,6.156666666666666,6.454518706128651
CCCCn1c(=O)c2nc[nH]c2n(C)c1=O,5.12,6.412933840811135
O=C(CN1CCOCC1)Nc1cc(-n2cccn2)nc(-c2ccco2)n1,8.8,7.287636857351268
O=C(Nc1cnc(-c2ccncc2)c(-c2ccco2)n1)C1CC1,7.36,6.885731923770011
CCn1nnc([C@H]2O[C@@H](n3cnc4c(NC)ncnc43)[C@H](O)[C@@H]2O)n1,5.94,6.47119084418499
CCCn1c(=O)c2nc(-c3cc(OCC(=O)c4ccc(Br)cc4)nn3C)[nH]c2n(CCC)c1=O,7.6,6.615815376789643
CSc1nc(N)nc(-c2cccc(-c3ccc4[nH]ccc4c3)c2)n1,7.51,6.82182896161291
CCn1c(=O)c2c(nc(/C=C/c3ccc(OC)c(OC)c3)n2C)n(CC)c1=O,7.228421052631579,6.512618375069751
COC[C@H]1CCCN1c1cc(NC(=O)NC(C)C)nc(-n2nc(C)cc2C)n1,7.37,6.970767788278687
Clc1ccc(Nc2nc3c(Cl)ncnc3s2)cc1,5.57,6.308738998898507
CCNC(=O)[C@H]1O[C@@H](n2cnc3c(N)nc(NCCc4ccccc4)nc32)[C@H](O)[C@@H]1O,7.92,6.813252509695451
O=C(c1ccsc1)c1nc(C(F)(F)F)nc2ccsc12,7.25,6.580017984071171
CC(NC(=O)COc1ccc(-c2cc3c([nH]2)c(=O)n(C)c(=O)n3C)cc1)c1ccccc1,6.61,6.513413679383262
COc1ccc(NC(=O)Nc2nc3nn(C(C)(C)C)cc3c3nc(-c4ccco4)nn23)cc1,6.26,6.886369794105862
CCCn1c(=O)c2[nH]c(-c3ccc(OCC(=O)Nc4ccccc4)cc3)c(Br)c2n(CCC)c1=O,7.37,6.666438551950712
COc1cccc(CNc2nc(N)c3nc(-c4cnccn4)sc3n2)c1,6.01,6.892423751819249
CCCn1c(=O)[nH]c2[nH]cnc2c1=O,4.21,6.320391028390998
CNC(=O)[C@H]1S[C@@H](n2cnc3c(NCc4cccc(I)c4)nc(Cl)nc32)[C@H](O)[C@@H]1O,6.65,6.34134645929341
CCCn1c(=O)c2[nH]c(-c3cnn(Cc4cccc(C(F)(F)F)c4)c3)nc2n(C)c1=O,6.35,6.582995985707127
CCCn1c(-c2ccccc2)nc2c(NC3CCC3)ncnc21,6.44,6.265439280866378
CCCn1c(=O)[nH]c2nc(-c3cnn(Cc4cccc(F)c4)c3)[nH]c2c1=O,5.76,6.613567746847901
Cc1ccc(NC(=O)Nc2ncnc3c2nc(-c2ccco2)n3C)cc1,6.97,6.75946041239668
Cn1cc2c(nc(NC(=O)Nc3ccc(CC(=O)NCCCCCC(=O)OC(C)(C)C)cc3)n3nc(-c4ccco4)nc23)n1,6.42,6.815520974630701
Cc1ccc2[nH]c3nc(SCC(=O)Nc4ncc(C)s4)nnc3c2c1,5.4,6.636919218272174
CCN(CC)C(=O)c1cnc2c(c1)nc(NC(=O)c1cccc(C#N)c1)n2CCCOC,7.8,6.801125866539304
CCCn1c(=O)c2nn(C3CCCCC3)nc2n(CCC)c1=O,4.66,6.310285556894295
c1coc(-c2nc3[nH]ccc3cc2-c2ccncn2)c1,6.21,6.93167862913658
Nc1nc2ccccc2n2c(=O)n(-c3ccc(O)cc3)nc12,7.1,6.653074268096494
Nc1nc(-c2ccco2)c2nnn(Cc3ccc(N)c(F)c3)c2n1,9.15,7.521076851194787
Cc1cccc(Cn2ncc3c(-c4ccco4)nc(N)nc32)c1,8.52,7.407296966132662
CCCn1c(=O)c2[nH]c(-c3ccc(OCC(=O)Nc4ccc(Cl)cc4)cc3)cc2n(CCC)c1=O,7.5,6.739020791896709
CC(C)CCn1cc2c(nc(NC(=O)CCCNC(=O)OC(C)(C)C)n3nc(-c4ccco4)nc23)n1,6.53,7.047683438364109
Nc1nc2c(cnn2CCc2ccc(S(N)(=O)=O)cc2)c2nc(-c3ccco3)nn12,8.88,7.593510355762502
CCCn1c(/N=C/c2ccc(Cl)cc2)c(C#N)sc1=S,7.26,6.60885957430032
O=C(Cc1ccccc1)Nc1nc2nn(CCc3ccccc3)cc2c2nc(-c3ccc(Cl)cc3)nn12,5.51,6.569819304445363
N#Cc1c(-c2ccco2)cc(-c2cccs2)nc1N,7.92,7.165859434234372
Cc1ccc2nc(Nc3nc(C)cc(C)n3)[nH]c2c1,5.89,6.503761361648482
OC[C@H]1O[C@@H](n2cnc3c(NCc4cccc(I)c4)nc(Cl)nc32)[C@H](O)[C@@H]1O,6.550000000000001,6.120255799275536
CCNC(=O)[C@H]1O[C@@H](n2cnc3c(N)nc(OCCc4c[nH]c5ccccc45)nc32)[C@H](O)[C@@H]1O,6.6,6.750193398081109
CCn1c(=O)c2[nH]c(-c3ccc(OCC(=O)Nc4ccc(F)cc4)cc3)nc2n(CCCOC)c1=O,7.25,6.724070697835737
CCN(CCN1CCN(c2ccc(F)cc2F)CC1)c1cc2nc(-c3ccco3)nn2c(N)n1,9.05,7.385462623901813
Nc1ccc(Nc2nc(-c3ccccc3)nc3c2ncn3Cc2ccccc2)cc1,5.3100000000000005,6.52602302083594
c1ccc(Nc2nc3c(N4CCCC4)ncnc3s2)cc1,6.46,6.370686276115998
CCCCc1nc2[nH]cnc2c2nc(-c3ccc(Br)cc3)nn12,5.48,6.592955785073881
Nc1cc(C(=O)N2CCCC2)cn2nc(-c3ccccn3)nc12,6.72,6.807435086212122
Cn1c(-n2nccn2)nc2c(N)nc(CCCCO)nc21,6.746666666666667,6.773562396346016
CCNC(=O)[C@H]1O[C@@H](n2cnc3c(NNC(=O)c4ccc(Br)o4)ncnc32)[C@H](O)[C@@H]1O,5.92,6.354360974875618
Cn1cc2c(nc(NCCCNC(=S)Nc3ccc(-c4c5ccc(=O)cc-5oc5cc(O)ccc45)c(C(=O)O)c3)n3nc(-c4ccco4)nc23)n1,5.61,6.8331964809871035
COc1cccnc1CNC(=O)c1nc(N)nc2c(OC)cccc12,8.52,7.045035477786866
COc1cccc(NC(=O)Nc2nc3nn(C)cc3c3nc(-c4ccco4)nn23)c1,6.8,6.831432681588325
Nc1nc(NCCCCCNC(=O)c2ccc(S(=O)(=O)F)cc2)nc2nc(-c3ccco3)nn12,8.885000000000002,7.146363210504352
CCCn1cnc2c(N)nc(NCCCc3ccccc3)nc21,5.04,6.66481354091813
O=C(NCCCCCCNc1ncnc2c1ncn2[C@@H]1O[C@H](CO)[C@@H](O)[C@H]1O)c1cccc(-c2cc(C(=O)c3ccccc3)cs2)c1,6.36,6.445674128235157
CCNC(=O)[C@H]1OC(n2cnc3c(NCCCCCCCCNc4ccc([N+](=O)[O-])c5nonc45)ncnc32)[C@H](O)[C@@H]1O,5.29,6.355174180849869
CCCCCc1nc2[nH]cnc2c2nc(-c3ccccc3)nn12,6.7,6.574726807918317
CC(C)(C)OC(=O)N1CCN(c2nc(N)n3nc(-c4ccco4)nc3n2)CC1,7.68,7.178307020796723
Oc1ccc(-c2cnc(N[C@H]3CC[C@H](O)CC3)nc2-c2ccccc2)cc1Cl,8.14,6.534221565802497
CCOC(=O)c1cnc(NC)n2nc(-c3ccco3)nc12,6.98,7.060009647842383
N=C(N)NC(=O)c1nc(Cl)c(N2CCCCCC2)nc1N,5.29,6.579102908690754
CCCn1cc2c(nc(NC(=O)Nc3cccc(Cl)c3)n3nc(-c4ccco4)nc23)n1,5.91,6.929664082299212
Nc1nc2ccccc2n2c(=O)n(-c3ccccc3)nc12,7.31,6.624432901496673
Nc1nc2ccc(Cl)cc2n2nc(-c3ccccc3)nc12,6.79,6.679402961119145
C#C[C@]1(O)CC[C@H]2[C@@H]3CCc4cc(O)ccc4[C@H]3CC[C@@]21C,4.805,6.4426300000364005
COCCOc1ccc(N2CCN(CCn3c(=O)n(C)c4c3nc(N)n3nc(-c5ccco5)nc43)CC2)cc1F,9.15,7.42829077644534
Cc1cccc2[nH]c(-c3cnc4ccccc4n3)nc12,6.080000000000001,6.474435607832012
CC(=O)Nc1cc(N2CCC[C@@H]2COc2ccccn2)nc(-n2nc(C)cc2C)n1,7.4,7.004535408972686
O=C(CN1CCCCC1)Nc1cc(-c2ccco2)c2oc(-c3ccco3)nc2c1,6.494999999999999,6.957666346991637
CNC(=O)[C@]12C[C@@H]1[C@@H](n1cnc3c(NCc4cccc(Cl)c4)nc(SC)nc31)[C@H](O)[C@@H]2O,5.0,6.124418893380703
CCOC(=O)COc1ccc(-c2cc3c([nH]2)c(=O)n(C)c(=O)n3C)cc1,5.71,6.45690262593305
CN(Cc1ccco1)c1nc(-c2ccco2)c(C(=O)c2ccccc2)s1,6.8,6.933716228174154
CCN(CC)CCN(C)C(=O)c1ccc2c(c1)-c1nc(N)nc(-c3ccccc3)c1C2=O,8.11,7.102065724190207
CCNC(=O)[C@H]1O[C@@H](n2cnc3c(NOC)nc(C#Cc4ccc(F)cc4)nc32)[C@H](O)[C@@H]1O,5.2,6.292293998081391
CCn1c(=O)c2[nH]c(-c3ccco3)nc2n(CCCOC)c1=O,6.31,6.818714463126258
COc1cc(N)[nH]c2nc(-c3ccc(F)cc3)c(-c3ccncc3)c1-2,6.115,6.827567297251496
Cc1cc(C)n(-c2cc(NC(=O)CN3CCN(C)CC3)nc(-c3ccco3)n2)n1,8.7,7.441161086990718
CCCCC#Cc1nc(NC(C)C)c2ncn([C@@H]3O[C@H](CO)[C@@H](O)[C@H]3O)c2n1,6.71,6.108408966265204
COc1ccc2c(c1)CCN(CCn1ncc3c1nc(N)n1nc(-c4ccco4)nc31)C2,8.6,7.609422978509426
O=C1CC(c2ccccc2)Cc2[nH]c(=O)c(S(=O)(=O)c3ccccc3)cc21,5.16,6.486328356901247
COc1cccc(CCCc2nc(N)c3nn(-c4ccccc4)cc3n2)c1,6.83,6.771243988237846
CCNC(=O)[C@H]1O[C@@H](n2cnc3c(NCC)nc(C#CC(O)c4cccc(C(=O)O)c4)nc32)[C@H](O)[C@@H]1O,5.42,6.489037910057901
Cn1c(=O)c2nc[nH]c2n(C)c1=O,5.3036,6.1818081500277815
OC1CS[C@@H](n2cnc3c(NCc4cccc5ccccc45)nc(Cl)nc32)[C@H]1O,7.61,6.38912071597097
Nc1nc(NC(=O)/C=C/c2ccccc2)nc2c1ncn2[C@@H]1O[C@H](CO)[C@@H](O)[C@H]1O,5.39,6.557056722873211
Cn1c(=O)c2c(cc(/C=C/c3ccccc3)n2C)n(C)c1=O,6.77,6.333450224253397
COc1cccc2cc(C(N)=O)c(=N)oc12,7.1,6.614725073841446
CC(=O)Nc1cc(-c2cccc(OC3CCCN(C)C3)c2)nc(-n2nc(C)cc2C)n1,9.0,7.095545854866359
COc1cccc(-c2cc(NC(C)=O)nc(-n3nc(C)cc3C)n2)c1,9.02,7.192091072999903
O=C(Nc1nc(-c2ccccc2)n[nH]1)C1CCCO1,5.23,6.47055749973387
C[C@@H](NC(=O)n1cnc2c(-c3ccco3)nc(N)nc21)c1ccccc1,7.58,7.154897698890866
Nc1nc2c(cnn2CCN2CCN(c3ccc(F)c(F)c3)CC2)c2nc(-c3ccco3)nn12,8.85,7.736379587346876
CCOC(=O)c1ccc(CCn2ncc3c2nc(N)n2nc(-c4ccco4)nc32)cc1,8.4,7.574699577664944
CC(C)Oc1ccc(-c2cn3c(=O)n(-c4ccccc4)nc3c(N)n2)cc1,8.13,6.687330335206321
Cc1ccc(-c2nc3c(N)cc(C(=O)N4CCCC4)cn3n2)o1,7.12,7.058397951103936
CC(C)(C)OC(=O)N1CCC(Nc2nc(N)n3nc(-c4ccco4)nc3n2)CC1,5.76,7.06245472910197
CC(Oc1ccc(-c2cc3c([nH]2)c(=O)n(C)c(=O)n3C)cc1)C(=O)N1CCN(c2ccc(Br)cc2)CC1,6.57,6.568808303053058
O[C@@H]1[C@H](O)[C@@H]2C[C@@H]2[C@H]1n1cnc2c(NCc3cccc(Cl)c3)nc(Cl)nc21,5.346666666666667,6.046882816085757
COc1cc(OCC(=O)Nc2cc(-n3nc(C)cc3C)nc(-c3ccc(C)o3)n2)ccc1CN(C)C,9.52,7.323906261421928
COc1ccc(CNc2ncc(C(=O)O)c3nc(-c4ccco4)nn23)cc1,4.91,7.038916188514763
CCOCCn1c(NC(=O)c2cccc(C#N)c2)nc2cc(C(=O)N3CCOCC3)cnc21,5.48,6.833241852312545
COc1ccccc1Cc1cc2c(N)nc(-c3ccc(C)o3)nc2s1,7.96,7.180883686895389
CCNC(=O)[C@H]1OC(n2cnc3c(NCCCCCCCCCCNc4ccc([N+](=O)[O-])c5nonc45)ncnc32)[C@H](O)[C@@H]1O,5.21,6.355284450412751
CCOc1cc(-c2ccccc2)nc2c1ccc(=O)n2CC,5.279999999999999,6.5172967332586484
CC(C)Cn1c(Br)nc2c(N)ncnc21,5.22,6.494333510908821
C#CCn1c(=O)c2c(nc3n2CCCN3c2cccc(Br)c2)n(C)c1=O,6.55,6.612640486507057
Cc1cn2c(N)nc(-c3ccccc3)nc2n1,6.17,6.590858768999988
Cn1c(=O)c2[nH]c(-c3ccc(OC(C)(C)C(=O)N4CCN(c5nc6cc(Cl)ccc6s5)CC4)cc3)cc2n(C)c1=O,5.0,6.647289064403701
CC(=O)Nc1cc(-c2cccc(OC3CCN(C)CC3)c2)nc(-n2nc(C)cc2C)n1,8.22,7.1390254368187716
CCOC(=O)c1cnc(NCC(C)C)n2nc(-c3ccco3)nc12,7.35,7.067568044147494
COC[C@H]1CCCN1c1cc(NC(C)=O)nc(-c2nccs2)n1,7.7,6.855428061560959
CCOC(=O)c1cnc(NC(C)C)n2nc(-c3ccco3)nc12,6.99,7.01892671769893
Nc1nc(NC(=O)c2ccccc2)n2nc(-c3ccco3)nc2n1,7.36,7.091561951618606
CCOC(=O)c1cnc(NN)n2nc(-c3ccco3)nc12,7.2,7.128592321645678
CNC(=O)[C@H]1[Se][C@@H](n2cnc3c(NCc4cccc(Br)c4)nc(Cl)nc32)[C@H](O)[C@@H]1O,5.91,6.253291354880556
Cn1c(=O)c2c(nc3n2CCN3C2CCCCC2)n(C)c1=O,5.79,6.311771308016788
Nc1nc(-c2ccccc2)nc(-c2ccccc2O)n1,7.37,6.694663151436169
CN(C)c1nc(-c2cc3ccccc3s2)c2sccc2n1,5.88,6.68102505578334
CCc1c(C(=O)NCc2ncccc2C)nc(N)nc1-c1ccc(C)o1,6.74,7.144780209031663
COc1cccc2c1nc(N)n1nc(CN3CCN(c4cnn(C(C)(C)C)c4)C[C@H]3C)nc21,8.03,7.102402749608105
CC(C)c1cc(Cn2nnc3c(-c4ccco4)nc(N)nc32)ccc1N,8.82,7.462064061661621
CC(=O)Nc1cc(-c2ccccc2O)nc(-n2nc(C)cc2C)n1,8.72,7.0410945233196
COc1ccc(N(CCO)C(C)=O)c2sc(NC(=O)c3ccc(F)cc3)nc12,7.01,6.882305605433996
Cn1cc2c(Cl)nc(NC(=O)Cc3ccccc3)nc2n1,4.52,6.304662501808389
O=C(Nc1ccc(-c2ccncc2)c(-c2ccco2)n1)C1CC1,7.52,6.8875493887617925
CCOC(=O)COc1ccc(-c2cc3c([nH]2)c(=O)n(C)c(=O)n3C)cc1OC,5.43,6.448930992574915
CCCn1c(=O)c2[nH]c(-c3ccc(OCC(=O)Nc4ccc(C(C)(C)C)cc4)cc3)cc2n(CCC)c1=O,7.1,6.768223013210421
C#CCn1c(=O)c2c(nc3n2CCCN3Cc2cccs2)n(C)c1=O,6.2,6.514354163886162
COc1ccc(N2CCOCC2)c2sc(NC(=O)C(C)(C)Oc3ccc4c(c3)OCO4)nc12,8.225,6.979955679016896
Nc1nc2c(ncn2CCN2CCN(c3cccc(Cl)c3)CC2)c2nc(-c3ccco3)nn12,9.4,7.44663499264788
COc1ccccc1C(=O)Nc1nc(-c2ccccc2)n[nH]1,6.7,6.531791876463939
CCc1nc(-c2ccccn2)c2sccc2n1,7.89,6.708101201250469
O[C@@H]1[C@@H](CSc2ccccc2F)O[C@@H](n2cnc3c(NC4CCCC4)ncnc32)[C@@H]1O,5.29,6.1873167413488
O=C(Nc1nc(-c2ccccc2)nc2c1nnn2Cc1ccccc1)c1cccs1,6.52,6.585795044282063
CC(C)n1cnc2ncnc(N)c21,4.92,6.4045162851770225
CCN(C(C)=O)c1ccc(OC)c2nc(NC(=O)c3cnn(C)c3)sc12,7.39,6.835448752821103
Cc1ccc(C(=O)c2ncnc3ccsc23)s1,5.17,6.505929773407526
CCCn1c(=O)c2nc([C@]34CC[C@](C(=O)OC)(CC3)CC4)[nH]c2n(CCC)c1=O,6.04,6.388263047208754
CC(C)(C)n1cc2c(nc(NC(=O)Nc3cccc(Cl)c3)n3nc(-c4ccco4)nc23)n1,6.1,6.878860299996214
CCOc1cccc2cc(C(=O)NCc3ccccn3)c(=N)oc12,6.13,6.771863808118839
COc1cccc(-c2c(C#N)c(N)nc(SCc3ncc[nH]3)c2C#N)c1,6.98,6.873281594972092
O=C(Nc1ccccc1)Nc1ncc(C(=O)NCCc2ccccc2)c2nc(-c3ccco3)nn12,7.29,7.033303966937767
CNc1nc(-n2cccn2)nc(N)c1Br,7.8,6.711507942252855
CCCn1c(=O)c2[nH]c(-c3cnn(CC4CC(=O)N(c5ccc(C(F)(F)F)cc5)C4)c3)nc2n(CCC)c1=O,6.91,6.5597750078371915
COc1cccc2cc(C(=O)NCCO)c(=N)oc12,6.0,6.636716046361744
CCn1cc2c(nc(NC(=O)Nc3ccc4c(c3)OCO4)n3nc(-c4ccco4)nc23)n1,6.24,6.9375486833391475
COc1ccc(CC(=O)Nc2cc(-c3nccs3)nc(-c3ccc(C)o3)n2)cc1,8.22,7.151938163207115
Nc1nc2c(cnn2CCc2ccc3nc(CN4CCOCC4)ccc3c2)c2nc(-c3ccco3)nn12,8.64,7.55405472502395
COc1cccc(-c2nc(N)c3cc(CN4CCCC(F)(F)C4)sc3n2)c1,7.01,6.984962837918161
CCCCn1c(=O)c2nc(C34CC5CC(CC3C5)C4)[nH]c2n(CCCC)c1=O,6.01,6.460679984096939
CCCn1c(=O)c2[nH]c(-c3ccc(OCC(=O)N4CCN(c5ccc(C(F)(F)F)cc5)CC4)cc3)cc2n(CCC)c1=O,6.76,6.64907319842065
Cc1ccc2c(O)cc(-c3cccc(N)c3)nc2n1,6.265,6.670714754753597
CCCC(=O)Nc1nc(-c2ccccc2F)cc(-c2ccccc2F)n1,6.19,6.62793509017466
CC1CCCN1C(=O)c1cc(N)c2nc(-c3ccc(Br)o3)nn2c1,7.57,6.998134548514486
Cn1cc2c(nc(NC(=O)NC3CCN(C(=O)NCCc4ccccc4)CC3)n3nc(-c4ccco4)nc23)n1,5.74,6.797584525734015
CCCCn1cc2c(nc(N)n3nc(-c4ccco4)nc23)n1,8.8,7.319125981083654
OC[C@@H]1CCCN1c1ncnc2sc(Nc3c(F)cccc3F)nc12,5.49,6.529988690149506
CNC(=O)[C@]12C[C@@H]1[C@@H](n1cnc3c(NC4CC4c4ccccc4)nc(Cl)nc31)[C@H](O)[C@@H]2O,5.32,6.077072057751311
Cn1c(=O)c2[nH]c(-c3ccccc3)c(O)c2n(C)c1=O,5.83,6.258592728625132
Nc1nc(C(=O)NCc2ccccc2F)cc(-c2ccco2)n1,8.46,7.44522954097356
CN(CCN1CCN(c2ccc(F)cc2F)CC1)c1cc2nc(-c3ccco3)nn2c(N)n1,9.0,7.428662396374851
CC(C)Nc1nc(C#CC(O)c2ccccc2)nc2c1ncn2[C@@H]1O[C@H](CO)[C@@H](O)[C@H]1O,7.02,6.246294533130751
CCN(CC)CCCCC(=O)Nc1ccc(C(=O)Nc2nccs2)cc1,6.08,6.665532669580688
Nc1nc2c(cnn2CCN2CCN(c3cnccn3)CC2)c2nn(Cc3ccccc3)c(=O)n12,7.9,7.006808878805731
CCn1c(=O)c2[nH]c(-c3ccc(-c4ccccc4)cc3)nc2n(CCCOC)c1=O,6.28,6.50210385508475
CCN(C(=O)c1ccc2nc(-c3cnc4ccccn34)oc2c1)C1CCCCC1,6.59,6.690785133481175
CC(=O)Nc1cc(-c2cc(N3CCOCC3)ccn2)nc(-n2nc(C)cc2C)n1,7.06,7.1552050141077475
CCOC(=O)c1c(NC(=O)c2sc(Nc3ccccc3)nc2N(C)C)sc2c1CCCC2,5.19,6.5677122878069785
Cn1ncc2nc(NC3CCCCC3)n3nc(-c4ccco4)nc3c21,6.92,6.929085305371385
CN(C)Cc1cc2c(N)nc(-c3ccco3)nc2s1,6.85,7.27242308188723
c1ccc(Nc2nc3ccccc3n3nc(-c4ccco4)nc23)cc1,7.19,6.852672401150147
CCCn1c(=O)n(C)c(=O)c2[nH]c(-c3ccc(OCC(=O)N4CCN(c5cccc(Cl)c5)CC4)cc3)cc21,6.32,6.551840794036293
O=c1[nH]c2nc(-c3cnn(Cc4cccc(F)c4)c3)[nH]c2c(=O)n1CC1CC1,7.0,6.605695885925547
CCCC(=O)Oc1ccc(CCNc2nc(N)c3nc(-n4nccn4)n(C)c3n2)cc1,5.01,6.819565828673751
Cn1c(=O)c2c(nc3n2CCCN3Cc2cccc(Cl)c2)n(C)c1=O,5.69,6.402064480888592
CCCC[C@H](NC(=O)[C@H]1CC[C@H]2c3[nH]c4ccccc4c3CCN2C1)C(=O)N[C@@H](Cc1ccc(F)cc1)C(=O)N1C[C@@H](N)C[C@H]1C(N)=O,4.85,6.710375175350572
Cc1ccc2c(O)c(CC(=O)NCc3ccccc3)cnc2n1,6.06,6.572350823034897
CCCCn1cc2c(nc(NC(=O)Nc3cccc(OC)c3)n3nc(-c4ccco4)nc23)n1,7.02,6.998788769456562
Cn1c(-c2ccccc2F)nc2c(N)nc(C#CC3(O)CCCCC3)nc21,7.82,6.749112675856966
Nc1nc(-c2ccccc2)c2c(n1)-c1cc(OCCN3CCCCC3)ccc1C2=O,7.45,7.180712596457203
O=C(O)c1cnc(NCc2ccc(C(F)(F)F)cc2)n2nc(-c3ccco3)nc12,4.75,7.026830864714225
Nc1nc(NC(=O)CCC2CCCC2)nc2c1ncn2[C@@H]1O[C@H](CO)[C@@H](O)[C@H]1O,5.7,6.456706922664371
Cc1cccnc1CNC(=O)c1cc(-c2ccco2)nc(N)n1,8.55,7.373011013515577
CCN(CC)c1cc(NC(C)=O)nc(-n2nc(C)cc2C)n1,7.04,6.920683430911633
CCCn1c(=O)c2c(ncn2C)n(CCC)c1=O,6.22,6.2548142197012275
COc1ccc(NC(=O)Nc2nc3cn(CCCc4ccccc4)cc3c3nc(-c4ccco4)nn23)cc1,6.89,6.915690574672022
O[C@@H]1[C@@H](CCl)O[C@@H](n2cnc3c(Nc4ccc(Cl)cc4F)ncnc32)[C@@H]1O,5.87,6.261966297825576
C#CCCCCC(=O)NCCNC(=O)COc1ccc(CCCn2ncc3c2nc(N)n2nc(-c4ccco4)nc32)cc1,7.12,7.416324326599795
CC(O)CNc1nc2ccccc2n2nc(-c3ccco3)nc12,7.32,6.9373684331642
Nc1nc(C(=O)NCc2cccc3cc(C(=O)N4CCN(c5ccccn5)CC4)cnc23)c2cccc(F)c2n1,8.57,7.116882127594421
Cc1ccc2c(O)c(C(=O)NN3CCOCC3)cnc2n1,5.06,6.600596864631609
CCCn1c(=O)c2nc(-c3cnn(Cc4nc(-c5ccccc5Cl)no4)c3)[nH]c2n(CCC)c1=O,5.6,6.5504592977802405
COc1cc(-c2cc3c([nH]2)c(=O)n(C)c(=O)n3C)ccc1OCC(=O)NCc1ccc(Cl)cc1,6.8,6.53672764862079
CCOC(=O)c1nc(NC(=O)Cc2ccccc2)nc2nn(C)cc12,5.14,6.318799159678643
CCN(CC)CCC(C)CC(=O)Nc1ccc(C(=O)Nc2nccs2)cc1,6.96,6.6636392787220275
COc1ccc(N2CCOCC2)c2sc(NC(=O)C(C)(C)Oc3cccc(F)c3)nc12,8.785,7.04364616363137
CCCc1nc(N)c2nc(-n3nccn3)n(C)c2n1,7.08,6.753535619674435
CCN(CC)CCCCCC(=O)Nc1ccc(C(=O)Nc2nccs2)cc1,6.62,6.64909445924027
O=C(Nc1nc2ccccc2c(=O)s1)c1ccc(C(=O)N2CCN(Cc3ccc(Cl)cc3)CC2)cc1,7.35,6.614391994432454
CCCn1c(=O)c2[nH]c(-c3ccc(OC(C)C(=O)N4CCN(c5ccccc5)CC4)cc3)cc2n(CCC)c1=O,6.62,6.6688569544334015
CCCn1c(=O)c2nc([C@]34CC[C@](C(=O)NCCC(=O)OC)(CC3)CC4)[nH]c2n(CCC)c1=O,5.85,6.490913421967308
Nc1nc(-c2cccs2)c2ncn(C(=O)NCc3ccccc3)c2n1,7.89,6.913604071789456
Cn1cc2c(nc(NC3C4CC5CC(C4)CC3C5)n3nc(-c4ccco4)nc23)n1,6.07,6.781742579301972
CC(C)[C@H](Nc1nc(Cl)nc2c1ncn2[C@H]1[C@H](O)[C@H](O)[C@]2(CO)C[C@H]12)C1CC1,5.82,6.019468643398346
CC(C)[C@@H](Nc1nc(Cl)nc2c1ncn2[C@H]1[C@H](O)[C@H](O)[C@]2(CO)C[C@H]12)C1CC1,5.66,6.019468643398346
Nc1cc(-c2cccs2)c2oc(-c3ccco3)nc2c1,7.15,7.021477372440849
Nc1nc(C(=O)NCc2cccc3cccnc23)c2cccc(I)c2n1,8.51,7.035153483072804
CN(C)CC(=O)Nc1cc(-n2cccn2)nc(-c2ccco2)n1,8.28,7.217359751806515
Cc1[nH]c2nc(-c3ccccc3)nc(NCCN3CCNC3=O)c2c1C,6.343333333333334,6.5275270663548906
COc1ccc(CC(=O)Nc2cc(-n3nc(C)cc3C)nc(-c3ccc(C)o3)n2)cc1,8.4,7.403939955002466
COC(=O)c1cnn(-c2nc(NC(C3CC3)C3CC3)c3ncn([C@H]4[C@H](O)[C@H](O)[C@@H]5C[C@@H]54)c3n2)c1,5.39,6.277230408260439
COc1cccc(CNC(=O)COc2ccc(-c3cc4c([nH]3)c(=O)n(C)c(=O)n4C)cc2)c1,6.48,6.6144116368009
CCCCc1nc2[nH]cnc2c2nc(-c3ccc(Cl)cc3)nn12,5.58,6.532389180757079
CCN(C(C)=O)c1ccc(Cl)c2nc(NC(=O)c3ccc(F)cc3)sc12,7.82,6.733760113317177
CCC(=O)Nc1cc(-c2cccs2)nc(-c2cccs2)n1,6.94,6.762993434423009
CCn1nnc([C@H]2O[C@@H](n3cnc4c(N)nc(N[C@H](C)Cc5ccccc5)nc43)[C@H](O)[C@@H]2O)n1,7.88,6.894781930819742
CCCn1c(=O)c2[nH]c(-c3ccc(OCC(=O)N4CCC(c5ccccc5)CC4)cc3)cc2n(CCC)c1=O,6.23,6.58357523839305
COCCCn1c(NC(=O)c2cccc(Cl)c2)nc2cc(C(=O)NCc3cccc(OC)c3)ccc21,6.36,6.699007720764792
COc1ccc2c(c1)CCN(CCn1ncc3c1nc(N)n1nc(-c4ccco4)nc31)CC2,8.72,7.644312409595869
COC[C@@H]1CCCN1c1cc(NC(C)=O)nc(-n2nc(C)cc2C)n1,6.49,7.0632126271607305
Nc1nc2c(cnn2CCN2CCN(c3ccc(Cl)cc3)CC2)c2nc(-c3ccco3)nn12,9.3,7.728931903842931
CCn1c(=O)c2c(nc(Cc3cccs3)n2C)n(Cc2ccccc2)c1=O,6.12,6.52401758817135
CCn1ccnc1CNC(=O)c1cc(-c2ccc(C)o2)nc(N)n1,8.46,7.170463629152103
Cc1ccc(Nc2nc(N)nc(CSC(C)C(=O)N3CCCCCC3)n2)cc1,4.48,6.66702015671215
COC[C@H]1CCCN1c1cc(NC(C)=O)nc(-c2ccccn2)n1,7.34,6.881295514221709
CCCCc1nc2[nH]cnc2c2nc(C)nn12,7.34,6.50342468322638
OC[C@H]1O[C@@H](n2cnc3c(N[C@H]4CCC[C@@H]4O)ncnc32)[C@H](O)[C@@H]1O,4.6,5.985818660888088
Nc1nc2c(cnn2CCc2ccc(S(=O)(=O)N(CCCl)CCCl)cc2)c2nc(-c3ccco3)nn12,9.23,7.489118608423347
CC(C)CCn1cc2c(nc(NC(=O)COc3ccccc3)n3nc(-c4ccco4)nc23)n1,7.42,7.074567948363506
Nc1nc(SCCc2ccc(S(=O)(=O)O)cc2)nc2c1ncn2[C@@H]1O[C@H](CO)[C@@H](O)[C@H]1O,6.6850000000000005,6.485192172699
Nc1nc(-c2ccco2)c2nnn(Cc3cccc(Cl)c3)c2n1,8.64,7.45618078716428
CNc1ncc(C(=O)NNc2ccccc2)c2nc(-c3ccco3)nn12,6.47,6.989722585232478
Nc1nc2c(cnn2CCN2CCOCC2)c2nn(CC3CC3)c(=O)n12,6.42,6.990631179132033
Nc1ncnc2c1nc(Br)n2C1CCC1,6.18,6.417069001775209
CCNc1nc(-n2cc(-c3ccccn3)cn2)nc2c1ncn2[C@@H]1O[C@H](CO)[C@@H](O)[C@H]1O,5.75,6.314743279993567
c1ccc(-c2nc(-c3ccccc3)c3[nH]c(-c4ccccc4)nc3n2)cc1,7.18,6.525054142907196
CCCn1c(=O)c2c(nc(/C=C/c3ccc(OC)c(OC)c3)n2[11CH3])n(CCC)c1=O,9.0,6.510183824295895
CC(C)NC(=O)c1nc(NCc2cccnc2)nc2ccsc12,5.58,6.5210395576189155
COc1cccc(-n2c(=O)n(Cc3c(F)cccc3F)c3cnc(NCc4cccnc4)nc32)c1,7.18,6.789971507906803
COC(=O)C1=C(C)NC(C)=C(C(=O)OC)C1c1ccccc1[N+](=O)[O-],4.65,6.40980505836052
O=C(Cc1ccccc1)Nc1nc2nn(CCc3ccccc3)cc2c2nc(-c3ccccc3)nn12,6.21,6.611100306932949
CNc1nc2nn(C)cc2c2nc(-c3ccco3)nn12,6.43,6.817818093897389
COc1ccc(Cl)c(CNc2nc(-n3cc(CC4CCCC4)nn3)nc3c2ncn3[C@@H]2O[C@H](CO)[C@@H](O)[C@H]2O)c1,5.22,6.415778003692438
Cc1ccc(-c2cc(C(=O)NCc3ccccn3)nc(N)n2)o1,8.4,7.289727361723048
COc1ccc(N2CCOCC2)c2sc(NC(=O)C(C)(C)Oc3ccc(F)c(F)c3)nc12,8.405,7.015723267958767
c1coc(CNc2nc3ccccc3n3nc(-c4ccco4)nc23)c1,6.31,6.992879838869309
Cn1c(=O)n(CCN2CCN(c3ccc(F)cc3F)CC2)c2nc(N)n3nc(-c4ccco4)nc3c21,9.575,7.46148229497922
O=c1[nH]c2ccccc2n2c(=O)n(-c3ccc(O)cc3)nc12,5.17,6.401587387641889
C#CCn1c(=O)c2c(nc3n2CCCN3Cc2ccccc2)n(C)c1=O,6.6,6.388356856347315
CCOC(=O)c1nc[nH]c1/N=N/c1c(O)ccc2ccccc12,5.9,6.548052099538414
CCc1nc2c(=O)n(Cc3ccccc3)nc(-c3ccncc3)c2c2cc(-c3ccccc3)nn12,5.6,6.656870360828452
COc1ccc(-c2nc3c4cn(CCc5ccccc5)nc4nc(N)n3n2)cc1,5.85,6.754526018842735
CCOC(=O)Nc1cc(-c2cncc(OC)c2)nc(-n2nc(C)cc2C)n1,7.41,7.058930437471156
CCn1c(/N=C/c2ccc(Br)cc2)c(C#N)sc1=S,11.0,6.688821387263831
CCOc1cc2occ(-c3nc(C)cs3)c(=O)c2cc1CC,7.4,6.704455206199851
Nc1nc(-c2ccco2)c2cnn(Cc3ccccc3[N+](=O)[O-])c2n1,7.58,7.327386780078408
C=Cn1cc2c(nc(NC(=O)Nc3ccc(OC)cc3)n3nc(-c4ccco4)nc23)n1,6.75,6.872489596760952
Cc1ccc(S(=O)(=O)n2c(CCOc3nc(N)c4ncn([C@@H]5O[C@H](CO)[C@@H](O)[C@H]5O)c4n3)cc3ccccc32)cc1,5.59,6.635702416909095
O[C@@H]1[C@@H](CF)O[C@@H](n2cnc3c(NC4CCOCC4)ncnc32)[C@@H]1O,5.3,6.098658269211844
Nc1nc(OCCc2cccc(F)c2)nc2c1ncn2[C@@H]1O[C@H](CO)[C@@H](O)[C@H]1O,7.16,6.6038150861567715
CCC(=O)Nc1cc(-c2ccccc2)nc(-c2ccccc2)n1,7.08,6.688486016598572
N#C/C(=N\Nc1ccc(S(N)(=O)=O)cc1)c1nc2ccccc2[nH]1,5.3,6.568534216567732
COC[C@@H]1CCCN1c1cc(NC(C)=O)nc(-c2cccs2)n1,7.57,6.860249117217926
Nc1nc(-c2ccco2)c2cnn(Cc3cccc(Cl)c3)c2n1,9.0,7.365094119588994
CCn1nc(-c2cccc(-c3cccc(C(=O)NCCN4CCNCC4)c3)c2)cc(NC(=O)Nc2c(Cl)cncc2Cl)c1=O,8.05,6.843685080601633
CCCn1c(=O)c2[nH]c(-c3ccc(COC(=O)Nc4ccon4)cc3)cc2n(CCC)c1=O,7.66,6.7303818068569345
COc1cc(F)cc2c1nc(C)c1c(C)nc(-c3ccncc3C)n12,5.3,6.658323332264516
CCN(C(C)=O)c1ccc(OC)c2nc(NC(=O)c3cnn(Cc4cccc(F)c4)c3)sc12,8.52,6.912058309938962
CCOC(=O)c1cnc(NCc2ccc(C)cc2)n2nc(-c3ccco3)nc12,6.91,7.040234148933008
CCCn1c(=O)c2nc(-c3cnn(CCc4ccccc4)c3)[nH]c2n(CCC)c1=O,6.24,6.471660400587713
CNC(=O)[C@H]1O[C@@H](n2cnc3c(NC4CCCC4)nc(N(C)C)nc32)[C@H](O)[C@@H]1O,5.3,6.183142938395063
CNc1nc(Cl)nc2c1ncn2[C@@H]1SC[C@@H](O)[C@H]1O,7.35,6.091090194343549
O=C(c1ccc2c(c1)nnn2-c1cnc2ccc(F)cn12)N1CCCCCC1,7.14,6.693952928418379
CCNC(=O)[C@H]1O[C@@H](n2cnc3c(N)nc(NCCc4ccc(CCC(=O)N[C@H](Cc5c[nH]cn5)C(=O)O)cc4)nc32)[C@H](O)[C@@H]1O,7.4,6.886379790188284
Nc1sc(-c2ccc(C(=O)NCCCCCCNc3nc(Cl)nc4c3ncn4[C@@H]3O[C@H](CO)[C@@H](O)[C@H]3O)cc2)c(-c2cccc(C(F)(F)F)c2)c1C(=O)c1ccccc1,6.84,6.57052533405988
CCCn1c(=O)c2[nH]c(-c3ccc(N)cc3)c(O)c2n(CCC)c1=O,6.78,6.55839646148141
Cc1csc(-c2nc(N(C)C)nc3ccsc23)n1,8.89,6.696496970692553
O=C(O)[C@H]1CC[C@@H](OC2CCN(c3ccc(-c4nc5cc(C(F)(F)F)ccc5[nH]4)cn3)CC2)CC1,5.1,6.55623385689061
COCCOc1c(F)cc(N2CCN(CCn3c(=O)n(C)c4c3nc(N)n3nc(-c5ccco5)nc43)CC2)cc1F,9.22,7.429053862112623
COc1ccc(CC(=O)Nc2nc(-c3ccccc3)n[nH]2)cc1,6.0,6.550585493077472
Cc1ccccc1CO[C@H]1CCCC1Nc1ncnc2c1ncn2C1O[C@H](CO)[C@@H](O)[C@H]1O,5.27,6.182935407161694
Nc1nc(C(=O)NCCc2ccc(O)cc2)cn2nc(-c3ccco3)nc12,9.0,7.1779841545757535
CCOC(=O)c1cnc(N)n2nc(-c3ccco3)nc12,8.48,7.263237542078592
O=C(c1ccccc1)c1sc(N(CCc2cccs2)Cc2ccccc2)nc1-c1ccco1,5.15,6.9445303677126144
Nc1nc(C(=O)NCc2cccc3cccnc23)c2cccc(OC(F)(F)F)c2n1,9.7,7.088123463068395
O[C@@H]1[C@@H](CCl)O[C@@H](n2cnc3c(N[C@@H]4CCOC4)nc(Cl)nc32)[C@@H]1O,5.06,6.057772910355498
CCCn1c(=O)c2nc(-c3cnn(Cc4ccc(F)cc4)c3)[nH]c2n(CCC)c1=O,6.92,6.562231256404632
COc1ccc(CC(=O)Nc2nc3nn(CCC(C)C)cc3c3nc(-c4ccco4)nn23)cc1,8.71,7.13986715416213
O=C(c1nccs1)c1nc(NCc2cccnc2)nc2ccsc12,6.13,6.5554133111747275
COc1ccc(-c2nc3c([nH]2)c(=O)n(C)c(=O)n3C)cc1OCCN1CCCCC1,5.57,6.532418694689089
Cc1sc2nc(-c3sc(NC(=O)c4ccccc4)nc3-c3ccccc3)nc(N)c2c1C,5.31,6.740795585330273
CC(=O)Nc1cc(-c2cccnc2)nc(-n2nc(C)cc2C)n1,6.92,7.071806384927333
CCCn1c(=O)c2[nH]c(-c3cnn(Cc4ccccc4)c3)nc2n(C)c1=O,6.9,6.4688044207459
Cn1cc2c(nc(NCCO)n3nc(-c4ccco4)nc23)n1,6.8,6.851869585615236
CCNC(=O)[C@H]1O[C@@H](n2cnc3c(NCC)nc(C#CCCO)nc32)[C@H](O)[C@@H]1O,6.19,6.296644189808202
Cc1cc(C)cc(CC(=O)Nc2cc(-n3nc(C)cc3C)nc(-c3ccccn3)n2)c1,8.52,7.074071031754822
CCCC1=C(C(=O)OCC)C(c2ccco2)NC(=O)N1,6.22,6.635317885092573
Cn1cc2c(nc(NC(=O)Nc3ccc(CC(=O)NCCCC(=O)OC(C)(C)C)cc3)n3nc(-c4ccco4)nc23)n1,6.82,6.8288327227070225
Cc1ccc(-c2nc(NC(=O)COc3ccccc3)cc(-c3nccs3)n2)o1,8.13,7.1249690141359325
COc1ccc(-c2cnn(-c3nc(N)c4ncn([C@@H]5O[C@H](CO)[C@@H](O)[C@H]5O)c4n3)c2)cc1,6.484999999999999,6.453788501868543
CN(C)CCOc1cccc(-c2nc3c([nH]2)c(=O)n(C)c(=O)n3C)c1,6.4,6.555185266067919
CCCC(=O)c1nc(N)c2nc(-n3nccn3)n(C)c2n1,7.72,6.706063039840025
CCOC(=O)c1cnc(NCc2ccccc2)n2nc(-c3ccco3)nc12,7.5,7.003620838231306
Nc1nc(-c2ccco2)c2cnn(Cc3ccc([N+](=O)[O-])cc3)c2n1,6.92,7.322035925949133
OCCNc1nc(-c2nccs2)c2sccc2n1,7.75,6.674481839200148
COC[C@H]1CCCN1c1cc(NC(C)=O)nc(-c2ccc(C)o2)n1,8.57,7.083107720217448
COc1cccc2cc(C(=O)NCC(O)c3ccccc3)c(=N)oc12,6.3,6.5831102675415565
Cc1cccc(CNC(=O)n2cnc3c(-c4ccco4)nc(N)nc32)c1,9.0,7.289711346005835
CSC[C@H]1O[C@@H](n2cnc3c(N)nc(N/N=C/CC(C)C)nc32)[C@H](O)[C@@H]1O,5.3,6.480525509195862
CCNC(=O)[C@H]1O[C@@H](n2cnc3c(N)nc(NCCc4ccc(CCC(=O)Nc5ccc(O)c([N+](=O)[O-])c5)cc4)nc32)[C@H](O)[C@@H]1O,6.57,6.8693552813912975
CCCCc1nc2[nH]cnc2c2nc(-c3cccc(C)c3)nn12,6.73,6.668689589793222
CCCn1c(=O)c2[nH]c(-c3ccc(OC)cc3)cc2n(CCC)c1=O,6.7,6.557845033682582
CC(C)n1cnc(CCNc2nc(NCC(c3ccccc3)c3ccccc3)c3ncn([C@@H]4C[C@H](NC(=O)CCc5ccccc5)[C@@H](O)[C@H]4O)c3n2)c1,5.26,6.698149592410305
CCc1cnn([C@H]2C[C@@H](n3cnc4c(N)nc(N[C@H](CO)Cc5ccccc5)nc43)[C@H](O)[C@@H]2O)c1,6.975,6.671962276208305
CC(C)(C)CC(=O)Nc1ccc(C(=O)Nc2nccs2)nc1,6.52,6.6539744377979755
CCCn1cc2c(nc(NC(=O)Nc3ccccc3Cl)n3nc(-c4ccco4)nc23)n1,6.92,6.927328850775315
CNC(=O)[C@H]1S[C@@H](n2cnc3c(NC4CCCC4)nc(Cl)nc32)[C@H](O)[C@@H]1O,6.04,6.139772863602873
CCCn1c(=O)c2nc(-c3cnn(Cc4ccc(OC)cc4)c3)[nH]c2n(CCC)c1=O,7.21,6.538047119845144
N#Cc1ccc(NC(=O)C2CC2)nc1-c1ccco1,7.92,6.909314682279344
Nc1nc2nn(CCc3cc(Br)c(Br)cc3Br)cc2c2nc(-c3ccco3)nn12,6.46,7.327389908561159
NCCNc1nc(NCCN)n2nc(-c3ccco3)nc2n1.O=C(O)C(F)(F)F.O=C(O)C(F)(F)F,4.42,7.063036141501833
Nc1nc(OCCc2ccc3ccccc3c2)nc2c1ncn2[C@@H]1O[C@H](CO)[C@@H](O)[C@H]1O,7.79,6.599902587306647
CCNC(=O)[C@H]1O[C@@H](n2cnc3c(NOC)nc(C#Cc4ccc(C(C)=O)cc4)nc32)[C@H](O)[C@@H]1O,5.38,6.292403961549814
NCCCC[C@H](NC(=O)[C@H](Cc1ccc(F)c(F)c1)NC(=O)[C@@H]1CCCN1C(=O)CCCCCNC(=O)[C@H]1CC[C@@H]2c3[nH]c4ccccc4c3CCN2C1)C(N)=O,4.43,6.70962479441322
COc1ccc(OC)c(CNc2nc(Cl)nc3c2ncn3[C@H]2[C@H](O)[C@H](O)[C@@H]3C[C@@H]32)c1,5.58,6.2066057693031516
CN(C)CCN(C)Cc1cccc2c1-c1nc(N)nc(-c3ccccc3)c1C2=O,7.4,7.043487042339869
NC(=O)/N=N/Nc1nc(N)c2ncn([C@@H]3O[C@H](CO)[C@@H](O)[C@H]3O)c2n1,7.06,6.449400021098306
Nc1nc2c(cnn2CCc2ccc(OCc3ccccc3)cc2)c2nc(-c3ccco3)nn12,7.05,7.550831220314386
Cc1cc(C)n(-c2nc(NC(=O)CN3CCN(C)CC3)cc(-c3cnco3)n2)n1,6.0,7.149944876815802
CCCn1c(=O)c2nc(-c3cnn(Cc4ccc(F)c(F)c4)c3)[nH]c2n(CCC)c1=O,6.55,6.588819541436085
Nc1nc(OCCc2c[nH]c3ccc(I)cc23)nc2c1ncn2[C@@H]1O[C@H](CO)[C@@H](O)[C@H]1O,6.05,6.575487630118009
COc1cccc(-n2c(=O)n(Cc3c(F)cccc3F)c3cnc(NCCN(C)C)nc32)c1,6.58,6.789945754792764
CCn1cc2c(nc(NC(=O)Cc3cccs3)n3nc(-c4ccco4)nc23)n1,7.8,7.090928437674281
CC(=O)Nc1cc(N2CCC[C@H]2COc2ccccn2)nc(-n2nc(C)cc2C)n1,6.36,7.004535408972686
CCC(=O)N[C@H]1C[C@@H](n2cnc3c(NCC(c4ccccc4)c4ccccc4)nc(NCCc4cn(CC(=O)O)cn4)nc32)[C@H](O)[C@@H]1O,7.01,6.687805087179695
CCCCn1cc2c(nc(NC(=O)Cc3ccccc3)n3nc(-c4ccco4)nc23)n1,6.4,7.044793942753785
Nc1nc2c(cnn2CCCc2ccc(OCCCF)cc2)c2nc(-c3ccco3)nn12,7.27,7.626747299624546
COc1nc(-c2ccco2)c2ncn(C(=O)NCc3ccccc3)c2n1,8.1,6.991604516609864
CCCC(=O)Nc1ccc(C(=O)Nc2nccs2)cc1,6.46,6.640562889972843
O=C(Nc1nc2nn(CCc3ccccc3)cc2c2nc(-c3ccc(F)cc3)nn12)c1ccccc1,5.39,6.557385839139282
CCCn1c(=O)c2[nH]c(-c3ccc(OCC(=O)N4CCN(c5ccccc5)CC4)cc3)cc2n(CCC)c1=O,6.79,6.625940770492998
CCCn1c(=O)c2[nH]c(-c3ccc(COC(=O)N4CCN(c5ccccc5)CC4)cc3)cc2n(CCC)c1=O,6.35,6.703425957686008
CCCCCCC(C)Nc1nc2nn(C)cc2c2nc(-c3ccco3)nn12,6.15,6.814573132426301
C=Cn1ncc2c1nc(N)n1c(=O)n(Cc3cccc(Cl)c3)nc21,9.4,6.83728989591108
COc1cccc2c(C(=O)NCc3cccc(COc4ccccc4F)n3)nc(N)nc12,9.7,7.100151388096601
CSc1c2c(nc(N)n3nc(-c4ccco4)nc23)nn1CCCc1ccccc1,7.66,7.249831319036974
CCCCn1cc2c(nc(NC(=O)Cc3ccc4ccccc4c3)n3nc(-c4ccco4)nc23)n1,8.1,7.128263728439121
CCOC(=O)c1nc(NC(=O)c2ccc(Br)cc2)nc2nn(CCc3ccccc3)cc12,5.38,6.450559849132245
Nc1nc(-n2cccn2)nc(NC2CCC2)c1Br,7.68,6.616736466623481
OC[C@H]1O[C@@H](n2cnc3c(NC4CC4c4ccccc4)ncnc32)[C@H](O)[C@@H]1O,5.6,6.101110645078329
O=C(NCC1CC1)[C@H]1S[C@@H](n2cnc3c(NCc4cccc(I)c4)ncnc32)[C@H](O)[C@@H]1O,5.8,6.452271359849472
O=C(COc1ccc(-c2cc3c([nH]2)c(=O)n(CC2CC2)c(=O)n3CC2CC2)cc1)N1CCN(c2ccccc2)CC1,7.31,6.5602814511111145
Nc1nc(N=O)nc2c1ncn2[C@@H]1O[C@H](CO)[C@@H](O)[C@H]1O,6.14,6.3629650362119206
Nc1nc(-n2cccn2)nc(N2CCCCC2)c1Br,7.85,6.804886884105923
Oc1cc(-c2ccccc2)nc2nc(Oc3ccccc3)ccc12,5.586666666666666,6.50473092412232
COc1cccc(-c2n[nH]c(Cc3cccc([N+](=O)[O-])c3)n2)c1,7.1,6.73221999322427
OC[C@H]1O[C@@H](n2cnc3c(NCC(c4ccccc4)c4ccccc4)ncnc32)[C@H](O)[C@@H]1O,6.626666666666666,6.196268514869963
CCNC(=O)[C@H]1O[C@@H](n2cnc3c(N)nc(NCCc4ccc(NC(=O)CCCC[C@H]5CCSS5)cc4)nc32)[C@H](O)[C@@H]1O,8.18,6.867600558024476
O[C@H]1O[C@@H](n2cnc3c(NC4CCCC4)nc(Cl)nc32)[C@H](O)[C@@H]1O,5.64,5.944153067102171
CCC(=O)Nc1ccc(C(=O)Nc2nccs2)cc1,6.05,6.619875731839448
CCC(C)Nc1nc2nn(C)cc2c2nc(-c3ccco3)nn12,6.61,6.812336166146162
CN1CCCN(c2ccc3c(c2)-c2nc(N)nc(-c4ccccc4)c2C3=O)CC1,8.0,7.14240776715464
N#Cc1cccc(C(=O)Nc2nc3cc(C(=O)N4CCCCC4)cnc3n2C2CCOCC2)c1,6.75,6.771699900427471
CNC(=O)OC[C@H]1O[C@@H](n2cnc3c(NC4CCCC4)nc(Cl)nc32)[C@](C)(O)[C@@H]1O,4.98,6.129812485211664
CCNC(=O)[C@H]1O[C@@H](n2cnc3c(NCC)nc(C#Cc4ccc(OC)cc4)nc32)[C@H](O)[C@@H]1O,5.3,6.345231548188569
COCCOC(=O)c1sc(N)c(C#N)c1C,4.77,6.66565228220681
COc1ccccc1CNc1nc(N)c2nc(-c3cccs3)sc2n1,8.493333333333334,6.946861123652735
CCn1nnc([C@H]2O[C@@H](n3cnc4c(Nc5ccc(Cl)cc5F)ncnc43)[C@H](O)[C@@H]2O)n1,7.595000000000001,6.587870401841802
NCCCCCNc1nc(N)n2nc(-c3ccco3)nc2n1.O=C(O)C(F)(F)F,7.04,7.148812331696783
Nc1cccc2c1C(=O)c1ccccc1C2=O,5.5,6.608318059707008
CCCCC#Cc1nc(N)c2ncn([C@H]3[C@H](O)[C@H](O)[C@@H]4C[C@@H]43)c2n1,7.0,6.3730807404559595
Nc1nc2ccccc2c2cn(-c3cccc(F)c3)nc12,7.3,6.61747051131591
Nc1cc(C(=O)N2CCCCC2)cc2nc(-c3ccco3)nn12,7.57,7.263493785451179
CCCn1c(=O)c2nc(-c3ccc(OCC(=O)Nc4ccc(I)cc4)cc3)[nH]c2n(CCC)c1=O,5.2700000000000005,6.6490678383656014
CCCCC#Cc1nc(N)c2ncn([C@@H]3SC[C@@H](O)[C@H]3O)c2n1,8.085,6.5165152278069725
CC(C)(C)Cn1cc2c(Cl)nc(NC(=O)c3ccccc3)nc2n1,5.46,6.315314307108585
CCNC(=O)[C@H]1O[C@@H](n2cnc3c(N)nc(NCCc4ccc(CCC(=O)N[C@H](CC(=O)O)C(=O)O)cc4)nc32)[C@H](O)[C@@H]1O,6.96,6.865621045053119
Nc1nc(N/N=C/C2CCCCC2)nc2c1ncn2[C@@H]1O[C@H](CO)[C@@H](O)[C@H]1O,6.674000000000001,6.433587622600877
CC1(C)CCCN(c2nnc(N)nc2-c2ccccc2)C1,7.39,6.767177689006507
Cn1cc2c(nc(NC(=O)COc3ccccc3)n3nc(-c4ccco4)nc23)n1,7.82,6.899112488554411
Nc1nc(-c2ccc(F)cc2)c2c(n1)-c1cc(CNN3CCCCC3)ccc1C2=O,8.0,7.201099537520127
C#CCCCC(=O)Nc1nc2cccc(Cl)c2c2nc(-c3ccco3)nn12,7.29,7.002494869415727
Nc1cc(C(=O)N2CCCCC2)cc2nc(-c3ccc(Br)o3)nn12,8.22,7.087355539493039
Cn1cc2c(nc(NC(=O)Cc3ccccc3)n3nc(-c4ccco4)nc23)n1,6.37,6.881184868153872
COC[C@@H]1CCCN1C(=O)c1cc(N)n2nc(-c3ccc(Br)o3)nc2c1,7.92,7.076620013466527
CCNC(=O)[C@H]1O[C@@H](n2cnc3c(NCC(c4ccccc4)c4ccccc4)nc(C(=O)NCCNC(=O)NCCN4CCCCC4)nc32)[C@H](O)[C@@H]1O,8.3,6.750855145231045
CC(=O)Nc1ccc(-c2cc(O)c3ccc(C)nc3n2)cc1,5.72,6.55409141723913
CCc1nc(-c2ccco2)c2sccc2n1,7.52,7.050151812553409
CCn1c(=O)n(CC2CC2)c(=O)c2[nH]c(-c3cnn(Cc4cccc(C(F)(F)F)c4)c3)nc21,6.57,6.537896339360413
CCOC(=O)c1cnc(NCCNC(=O)OC(C)(C)C)n2nc(-c3ccco3)nc12,6.42,7.068131140392606
CCCCc1nc2[nH]cnc2c2nc(-c3ccc(OCC)cc3)nn12,5.83,6.595308487289566
Cc1ccc(S(=O)(=O)n2cc(CCOc3nc(N)c4ncn([C@@H]5O[C@H](CO)[C@@H](O)[C@H]5O)c4n3)c3ccccc32)cc1,5.57,6.602932908899106
Nc1nc(-c2ccco2)c2cnn(Cc3cccc([N+](=O)[O-])c3)c2n1,8.4,7.384406951404571
COc1cccc(-n2c(=O)n(Cc3ccccc3Cl)c3cnc(NC4CC4)nc32)c1,7.07,6.651187118485065
CCCc1nc2c(-c3ccccc3)cc(-c3ccccc3)nc2[nH]1,6.94,6.558384323914683
CCN(C(C)=O)c1ccc(OC)c2nc(NC(=O)c3ccc(C#N)cc3)sc12,7.3,6.889178961922188
Cn1cc2c(n1)c(N)nc1c(OCc3ccccc3)cccc12,6.12,6.66236122262043
O=C(COc1ccc(-c2cc3c([nH]2)c(=O)n(CC2CC2)c(=O)n3CC2CC2)cc1)N1CCc2ccccc2C1,6.62,6.594514288128181
Oc1cc(-c2ccccc2)nc2ncccc12,5.7,6.494299842318031
CN(C)c1nc(-c2ncc[nH]2)c2sccc2n1,6.52,6.599556962713082
CCCC(=O)Nc1nc(-c2ccccc2)c(C#N)c(-c2ccccc2)n1,7.32,6.6360756191233765
Cc1nc2c(=O)n(Cc3ccccc3)nc(-c3ccncc3)c2c2cc(-c3ccccc3)nn12,6.3,6.64266953219344
CC(=O)Oc1ccc(CCNc2nc(N)n3nc(-c4ccco4)nc3n2)cc1,7.41,7.229650766350227
Nc1nc(-c2ccc(C3CC3)o2)nc2sc(CN3CCOCC3)cc12,6.02,7.066695951838154
COc1ccc(-c2cc(C(=O)NCc3ccccn3)nc(N)n2)cc1,6.82,7.076284861300484
Cc1cc(C)cc(-c2nc(N[C@@H]3CCOC3)c3ncn([C@@H]4O[C@H](Cn5nc(C)cc5C)[C@@H](O)[C@H]4O)c3n2)c1,5.29,6.379655660787048
Cc1ccc(C(=O)Nc2nc(-c3ccccc3)c(C#N)c(-c3ccccc3)n2)cc1,6.8,6.5944900703775575
CCCn1cc2c(nc(NC(=O)Nc3ccc(Cl)cc3)n3nc(-c4ccco4)nc23)n1,6.85,6.9182979368404744
CC(C)(C)OC(=O)NCCCC(=O)Nc1nc2nn(CCc3ccccc3)cc2c2nc(-c3ccco3)nn12,6.54,6.993021654590379
O=c1[nH]c2cc(-c3ccncn3)c(-c3ccco3)nc2[nH]1,6.11,6.877218074688779
Cc1ccc(-c2cc(C(=O)NCc3ncccc3C)nc(N)n2)cc1,7.8,7.0159307491249
CCCn1c(=O)c2[nH]c(-c3ccc([N+](=O)[O-])cc3)c(O)c2n(CCC)c1=O,6.84,6.467002254135193
CCn1nnc([C@H]2O[C@@H](n3cnc4c(N)nc(N[C@H](C)Cc5ccc(OC)cc5)nc43)[C@H](O)[C@@H]2O)n1,8.615,6.949345812256918
Nc1nc2c(cnn2CCN2CCc3ccc(Cl)cc3CC2)c2nc(-c3ccco3)nn12,8.48,7.58489419542759
Cn1c(=O)c2[nH]c(-c3ccc(OCC(=O)N4CCc5ccccc5C4)cc3)cc2n(C)c1=O,6.37,6.516315192571173
COC[C@H]1CCCN1c1nc(-n2cccn2)nc(N)c1Br,7.85,6.8229357868128915
O=c1c2ncn3nc(-c4ccccc4)cc3c2c(-c2ccsc2)nn1Cc1ccccc1,7.16,6.6249985888531855
COc1cccc(-n2c(=O)n(Cc3c(F)cccc3F)c3cnc(NC(C)C)nc32)c1,7.22,6.763693933562979
Nc1nc(-c2ccccc2)c2c(n1)-c1cc(CNCc3ccccn3)ccc1C2=O,8.27,7.219376050847191
CCCn1c(=O)c2nc(-c3cnn(Cc4cc(-c5ccc(C(F)(F)F)cc5)on4)c3)[nH]c2n(CCC)c1=O,5.77,6.602644866020411
CC(C)n1cc2c(Cl)nc(N(C(=O)c3ccccc3)C(=O)c3ccccc3)nc2n1,6.1,6.404682549702008
Cc1cc(C)n(-c2nc(Nc3ccccn3)cc(-n3cccn3)n2)n1,8.04,6.917828230109284
CONc1nc(I)nc2c1ncn2[C@@H]1O[C@H](CO)[C@@H](O)[C@H]1O,4.91,5.9965394820996725
OC1CS[C@@H](n2cnc3c(NCc4cccc(I)c4)ncnc32)[C@H]1O,7.619999999999999,6.336390906884698
CCCn1c(=O)c2[nH]c(-c3ccc(OCC(=O)Nc4ccc(F)cc4)cc3)cc2n(C)c1=O,7.18,6.756345449240629
COc1cccc2cc(C(=O)NC3CCCCC3)c(=N)oc12,6.4,6.531453362927698
Cc1cccc(-n2nc(N)c(C(=O)CCc3ccccc3)n2)c1,6.6,6.6842496667664175
N#Cc1cccc(C(=O)Nc2nc3cc(C(=O)N4CCCCC4)cnc3n2CCCO)c1,7.29,6.7490867403108705
Cc1ccc2c(O)c(Cc3ccccc3Cl)cnc2n1,6.01,6.500033882156589
O=C(COc1ccc2c(c1)CCC2)Nc1nc(-c2ccccc2)n[nH]1,5.41,6.650303880204165
CCNC(=O)[C@H]1O[C@@H](n2cnc3c(N)nc(NCCN4CCN(c5ccc(F)cc5)CC4)nc32)[C@H](O)[C@@H]1O,6.925,6.987996894118875
N#Cc1c(-c2ccccc2)nc(NC(=O)C2CCCC2)nc1-c1ccc2c(c1)OCO2,7.57,6.720433323885787
CCCC/C=C/c1nc(N)c2ncn([C@@H]3SC[C@@H](O)[C@H]3O)c2n1,7.323333333333333,6.5451745419075085
Cn1cc2c(nc(NC3CCCC3)n3nc(-c4ccco4)nc23)n1,6.89,6.738117028882556
Nc1nc(N2CCN(Cc3ccc(F)cc3)CC2)nc2nc(-c3ccco3)nn12,7.28,7.303074690494798
Nc1nc(-c2ccco2)c2ncn(Cc3ccc([N+](=O)[O-])cc3)c2n1,6.43,7.249522011280087
CCCn1c(=O)c2nc(-c3cc(OCC(=O)c4ccc(F)cc4)nn3C)[nH]c2n(CCC)c1=O,7.9,6.639204610513067
Cn1cc2c(nc(NNC(=S)Nc3ccc(-c4c5ccc(=O)cc-5oc5cc(O)ccc45)c(C(=O)O)c3)n3nc(-c4ccco4)nc23)n1,6.04,6.828960943508892
Cc1ccc(CNc2nc3nn(C)cc3c3nc(-c4ccco4)nn23)cc1,6.93,6.890636831167962
COc1cc2c(cc1OC)C(Cc1ccccc1)N(CCn1ncc3c1nc(N)n1nc(-c4ccco4)nc31)CC2,8.64,7.414254612614492
CC(C)Nc1nc(NCc2ccccc2)n2nc(-c3ccco3)nc2n1,6.41,6.945310967881054
COc1ccc(N2CCN(Cc3nc4c5cccc(OC)c5nc(N)n4n3)[C@H](C)C2)cc1,8.32,7.149422548099753
C#CCN1CCC(NC(=O)Nc2nc3nn(C)cc3c3nc(-c4ccco4)nn23)CC1,6.1,6.8058530093709155
CCN(C(C)=O)c1ccc(OC)c2nc(NC(=O)c3ccc(NS(C)(=O)=O)cc3)sc12,7.34,6.8665841636418135
CNC(=O)[C@H]1O[C@@H](n2cnc3c(NOC)nc(C#Cc4ccccn4)nc32)[C@H](O)[C@@H]1O,4.75,6.207331853002652
O=C(Nc1cc(-c2ccccc2)nc(-c2ccccc2)n1)C1CCCC1,6.71,6.570872089731111
COC(C)CNc1nc(-c2ccco2)c(C(=O)c2ccccc2)s1,6.81,6.974505779103502
CCCc1nn(C)c2c(=O)[nH]c(-c3cc(S(=O)(=O)N4CCN(C)CC4)ccc3OCC)nc12,6.716666666666666,6.65870785755515
CN(C)c1nc(-c2nccs2)c2sccc2n1,8.64,6.674687114532665
CCc1nc(-c2cccs2)c2sccc2n1,7.16,6.662468769366207
CCNC(=O)[C@H]1O[C@@H](n2cnc3c(NNC(=O)c4ccc(C)s4)ncnc32)[C@H](O)[C@@H]1O,5.68,6.361177866575371
O=C(Nc1ncnc2nn(Cc3ccccc3)cc12)c1cccc(Cl)c1,5.31,6.46699108839166
Nc1nc2c(cnn2CCN2CCC3(CC2)OCCO3)c2nn(Cc3cccc(Cl)c3)c(=O)n12,7.96,7.029666658202402
COc1ccc(N2CCN(CCn3c(=O)n(C)c4c3nc(N)n3nc(-c5ccco5)nc43)CC2)cc1,9.34,7.465481174161025
Cc1cccc(-c2nc3c(NC4CCCC4)ncnc3n2C)c1,6.35,6.327297214799408
Cc1ccc2c(O)c(C(=O)NCCc3ccccc3)cnc2n1,6.835,6.528049950251129
Cc1cc(C)cc(-c2nc(NC3CCCC3)c3ncn([C@@H]4O[C@H](Cn5nc(C)cc5C)[C@@H](O)[C@H]4O)c3n2)c1,5.23,6.317513268709132
CC(C)Nc1ncc(C(=O)O)c2nc(-c3ccco3)nn12,5.12,6.947719887994023
O=C(Nc1cnc(-c2ccncc2)c(-c2ccncc2)n1)C1CC1,6.51,6.51820245376111
OCc1cnn(-c2nc(Nc3ccccn3)c3ncn([C@@H]4O[C@H](CO)[C@@H](O)[C@H]4O)c3n2)c1,5.93,6.302227413035762
Cn1cc2c(nc(NC(=O)Cc3ccccc3)n3nc(-c4ccc(Cl)cc4)nc23)n1,5.08,6.396861851614359
COc1cccc2c(C(=O)NCc3cccc(C(C)(C)O)n3)nc(N)nc12,9.4,7.108253837070099
CC(C)Nc1nc(C#C[C@H](O)c2ccccc2)nc2c1ncn2[C@@H]1O[C@H](CO)[C@@H](O)[C@H]1O,6.49,6.246294533130751
Cn1c(=O)c2[nH]c(-c3ccc(OCCCCl)cc3)nc2n(C)c1=O,10.35,6.513416564870636
CNc1nc(-c2ccco2)c(C(=O)c2ccccc2)s1,7.17,6.871978318511131
COc1cccc(-c2n[nH]c(Cc3ccccc3Br)n2)c1,7.7,6.795357717124263
COc1cc(CC(=O)Nc2cc(-n3nc(C)cc3C)nc(-c3ccc(C)o3)n2)cc(OC)c1,8.7,7.386105597381376
CCCn1c(=O)c2nc(-c3cnn(Cc4noc(-c5ccccc5OC)n4)c3)[nH]c2n(CCC)c1=O,5.47,6.6250211964306445
O=c1n(-c2cccc(F)c2)nc2c(NC3CCCCC3)nc3ccccc3n12,7.18,6.498850155714335
CC(=O)Nc1cc(-c2cccc(OC3CCN(C(C)C)C3)c2)nc(-n2nc(C)cc2C)n1,8.52,7.092414356578823
Cn1cc2c(nc(N)n3nc(-c4ccc([N+](=O)[O-])cc4)nc23)n1,5.01,6.56269408555431
COc1cccc(CO[C@@H]2CCCC2Nc2ncnc3c2ncn3[C@@H]2O[C@H](CO)[C@@H](O)[C@H]2O)c1,5.56,6.210479007956391
CN1CCN(CC(=O)Nc2cc(-n3cccn3)nc(-c3ccccn3)n2)CC1,7.27,6.937432403562118
NNc1nc(C(=O)c2cccs2)c2sccc2n1,7.22,6.651764925264116
Cc1ccc(Nc2nc3c(N4CCC[C@H]4CO)ncnc3s2)cc1,6.5,6.450362201351498
CCn1nnc(-c2sc(NC(=O)C3CC3)nc2-c2ccccc2)n1,7.11,6.6615835565160735
CCc1nc(C(=O)c2cccs2)c2sccc2n1,7.8,6.629882632870813
Nc1nc2c(c3nn(Cc4ccccc4)c(=O)n13)CCc1ccccc1-2,9.3,6.760573073306998
Cc1ccc(-c2cc(C(=O)NCc3ncccc3C)nc(N)n2)o1,8.52,7.2196884611659105
CCCn1cc2c(nc(NC(=O)Cc3ccc(-c4ccccc4)cc3)n3nc(-c4ccco4)nc23)n1,7.28,7.054152705150408
Nc1nc(-c2ccncc2)nc2sc(Cc3ccccc3)cc12,7.17,6.830515354055683
CCCn1c(=O)c2[nH]c(-c3ccc(OCC(=O)Nc4ccc(C#N)cc4)cc3)nc2n(CCC)c1=O,6.4175,6.695898489116876
Nc1nc(NC2CCCC2)nc2c1ncn2[C@@H]1O[C@H](CO)[C@@H](O)[C@H]1O,8.29,6.368512208744786
Nc1nc2c(cnn2CCN2CCc3ccc([N+](=O)[O-])cc3CC2)c2nc(-c3ccco3)nn12,9.15,7.549619618507441
O=[N+]([O-])c1ccc(O)c(/C=N/N=C(\S)Cc2ccccc2)c1,8.0,6.510022473139687
Cn1c(=O)n(CC2CC2)c(=O)c2[nH]c(-c3cnn(Cc4cccc(C(F)(F)F)c4)c3)nc21,6.51,6.57502239777435
Cc1noc(-c2sc(NC(=O)c3ccccc3)nc2-c2ccccc2)n1,6.72,6.630045879250332
COc1ccc(N2CCOCC2)c2sc(NC(=O)C3(C)CCC(C)(O)CC3)nc12,8.835,6.896346877617316
O=C(c1cccs1)c1nc(NCc2cccnc2)nc2cc(Cl)sc12,7.21,6.517070592279856
Cc1cc(C)cc(OCC(=O)Nc2nc(-c3ccccc3)n[nH]2)c1,5.5,6.535932236161239
Cc1cccnc1CNC(=O)c1cc(-c2ccccc2Cl)nc(N)n1,7.62,6.971602743982091
CCN(CCc1ccc(F)cc1)c1cc2nc(-c3ccco3)nn2c(N)n1,8.52,7.3533554337135785
O=c1n(-c2ccccc2)nc2c(NC3CCCCC3)nc3ncccc3n12,6.68,6.439729202824795
COc1cc(-c2cc3c([nH]2)c(=O)n(C)c(=O)n3C)ccc1OCC(=O)Nc1ccc(F)cc1,7.34,6.619393419943421
NCCCCCNC(=O)COc1ccc(CCCn2ncc3c2nc(N)n2nc(-c4ccco4)nc32)cc1,8.2,7.497445119927517
Cc1ccc(N2CCN(CCn3cnc4c3nc(N)n3nc(-c5ccco5)nc43)CC2)nc1,9.0,7.4543253545879296
COC(=O)[C@H]1CCCN1c1cc(NC(C)=O)nc(-n2nc(C)cc2C)n1,6.69,6.999262068819154
CCn1c(=O)c2c(nc(Cc3ccco3)n2C)n(Cc2ccco2)c1=O,6.98,6.643924233571117
CCCn1c(=O)[nH]c2nc(-c3ccc(S(=O)(=O)N4CCN(Cc5ccccc5)CC4)cc3)[nH]c2c1=O,6.32,6.59630233778324
COc1ccc(Nc2nc3c(N4CCC[C@H]4CO)ncnc3s2)cc1,5.96,6.487078620245194
Nc1nc(NCCN2CCN(c3ccc(F)cc3F)CC2)cc2nc(-c3ccco3)nn12,8.82,7.384508036430503
CN(CCOc1ccc(C[C@H](Nc2ccccc2C(=O)c2ccccc2)C(=O)O)cc1)c1ccccn1,4.555,6.592621985076603
Nc1ncnc2c1ncn2[C@@H]1O[C@H](CO)[C@@H](O)[C@H]1O,5.994285714285715,6.2564695109671264
COCCOc1ccc(C2CCN(CCn3cnc4c3nc(N)n3nc(-c5ccco5)nc43)CC2)cc1,9.15,7.37102352515401
O=C(Nc1nc(-c2ccccc2)c(-c2ccncc2)s1)c1ccco1,8.18,6.764555065812354
OC[C@H]1O[C@@H](n2cnc3c(NC4CCCC4)nc(Cl)nc32)[C@H](O)[C@@H]1O,5.97,5.879479159207703
CN(C)c1nc(-c2ccoc2)c2sccc2n1,6.13,6.704130136532344
Cc1ccc(NC(=O)Nc2nc3nn(C)cc3c3nc(-c4ccco4)nn23)s1,6.04,6.8079961160396225
Cc1ccc(-c2nc(NC(=O)CN3CCN(C)CC3)cc(-n3cccn3)n2)o1,6.87,7.172154938059367
CCn1c(=O)[nH]c2nc(-c3ccc(S(=O)(=O)N4CCN(Cc5ccccc5)CC4)cc3)[nH]c2c1=O,6.82,6.620541226556097
CCCCCn1cc(-c2nc(N)c3ncn([C@@H]4O[C@H](CO)[C@@H](O)[C@H]4O)c3n2)cn1,5.67,6.4599111247269265
COc1ccc(-n2nc3c(NC(C)=O)nc4c(N)cccc4n3c2=O)cc1,5.96,6.6785668765389214
CCn1nnc([C@H]2O[C@@H](n3cnc4c(NCc5cccc(I)c5)ncnc43)[C@H](O)[C@@H]2O)n1,8.16,6.55708386331707
O=C(c1ccc2c(-c3cnc4ccc(F)cn34)c[nH]c2c1)N1CCCCCC1,6.46,6.719843238060432
CC(C)n1cnc(CCNc2nc(NCC(c3ccccc3)c3ccccc3)c3ncn([C@@H]4C[C@H](NC(=O)C(C)(C)C)[C@@H](O)[C@H]4O)c3n2)c1,6.345,6.668822662810456
CCCn1c(=O)c2nc(-c3cc(OCC(=O)c4ccc(Br)cc4)n(C)n3)[nH]c2n(CCC)c1=O,7.03,6.604944781439386
Cc1cc(-c2nnc(N)nc2-c2cccc(F)c2)cc(C)n1,8.24,6.937331954967975
COc1ccc(-c2cn3c(=O)n(-c4ccccc4)nc3c(N)n2)cc1,7.445,6.673099437949145
COC(=O)/C(C#N)=C/c1cccc(OC)c1O,6.5,6.551012802611237
Nc1nc(OCCc2ccc(Cl)cc2)nc2c1ncn2[C@@H]1O[C@H](CO)[C@@H](O)[C@H]1O,6.616666666666667,6.48798837441321
c1coc(-c2nc3c(OCc4ccoc4)nc4ccccc4n3n2)c1,6.24,7.031294949246228
CNC(=O)[C@@]12C[C@@H]1[C@@H](n1cnc3c(NC)nc(C#Cc4cccc(Cl)c4)nc31)[C@H](O)[C@@H]2O,5.9,6.098105681497967
Cc1ccc2ncc3nc(-c4ccccc4)nn3c2c1,5.62,6.552671963297532
Nc1nc(Cc2cccc(O)c2)nc2cn(-c3ccccc3)nc12,6.28,6.729378432190716
CCCn1c(=O)c2nc(-c3cc(OCC(=O)c4ccc(C(C)=O)cc4)nn3C)[nH]c2n(CCC)c1=O,7.06,6.59868633043723
N=C(N)Nc1nc(OCCc2c[nH]c3ccccc23)nc2c1ncn2[C@@H]1O[C@H](CO)[C@@H](O)[C@H]1O,6.56,6.447015567301858
CCNC(=O)[C@H]1S[C@@H](n2cnc3c(NC4CCCC4)nc(Cl)nc32)[C@H](O)[C@@H]1O,6.83,6.235545360592464
Nc1nc2ccccc2n2c(=O)c(-c3ccccc3)nn12,6.87,6.690955005461641
Nc1nc(C(=O)NCc2ccc3ccccc3n2)c2cccc(F)c2n1,7.82,7.049923952686514
CCOc1ccccc1-c1cc(C(=O)NCc2ncccc2C)nc(N)n1,6.97,6.993553538555913
CN1CCN(c2c3c(nc(N)n4nc(-c5ccco5)nc34)nn2C)CC1.Cl.Cl,6.87,7.314876413141386
O=C(Nc1cccc(Cl)c1)Nc1nc2nn(CCCc3ccccc3)cc2c2nc(-c3ccco3)nn12,6.7,6.91725846314489
Nc1cccc2c1nc(NC(=O)C(c1ccccc1)c1ccccc1)c1nn(-c3ccccc3)c(=O)n12,6.2,6.646907964812132
Cc1nc(-c2ccco2)c2ncn(C(=O)NCc3ccccc3)c2n1,6.99,6.981219578752922
COCCOc1ccc(N2CCN(CCn3cnc4c3nc(N)n3nc(-c5cccc[n+]5[O-])nc43)CC2)cc1,7.05,7.090741335842781
CSCCn1c(=O)c2[nH]c(Cc3c(F)cccc3F)nc2n(Cc2ccco2)c1=O,5.91,6.69469682632568
COC1CCN(CC(=O)Nc2cc(-n3nc(C)cc3C)nc(-c3ccc(C)o3)n2)CC1,7.82,7.340532371449456
CN1CCN(CC(=O)Nc2cc(-n3cccn3)nc(-c3nccs3)n2)CC1,7.77,6.920560254658549
CNC(=O)[C@H]1O[C@@H](n2cnc3c(NCc4cccc(I)c4)nc(NC)nc32)[C@H](O)[C@]1(C)O,5.4,6.37648035514603
Fc1cccc(-n2cc3c(n2)c(NC2CCCCC2)nc2ccccc23)c1,5.24,6.366832098509368
Nc1ncnc2c1nc(/C=C/C(=O)c1ccccc1)n2[C@@H]1O[C@H](CO)[C@@H](O)[C@H]1O,4.33,6.559049361841855
C=CCCn1c(Br)nc2c(N)ncnc21,5.8,6.539233561898676
Cc1cc(C)n(-c2cc(NC(=O)COc3cccc(CCN(C)C)c3)nc(-c3ccc(C)o3)n2)n1,9.3,7.311544698532752
CCOC(=O)c1cnc(NC2CCC2)n2nc(-c3ccco3)nc12,7.54,6.933783976821298
CCNC(=O)[C@H]1O[C@@H](n2cnc3c(NOC)nc(C#Cc4ccccn4)nc32)[C@H](O)[C@@H]1O,5.19,6.328895448321004
CCN(C(C)=O)c1ccc(OC)c2nc(NC(=O)c3cnn(Cc4cccc(C(F)(F)F)c4)c3)sc12,8.52,6.8887969777972895
CCCn1c(=O)c2[nH]c(-c3ccco3)c(OS(=O)(=O)O)c2n(CCC)c1=O,6.39,6.769087821925072
Nc1nc(C(=O)NCc2cccc3cccnc23)c2cccc(C(F)(F)F)c2n1,8.64,7.034994569145859
CCn1nnc([C@H]2O[C@@H](n3cnc4c(NCc5cccs5)nc(Cl)nc43)[C@H](O)[C@@H]2O)n1,6.98,6.569224573954682
C#CCn1c(=O)c2[nH]c(Cc3c(F)cccc3F)nc2n(Cc2ccco2)c1=O,6.34,6.731494512620605
Cc1ccc(-c2nc(NC(=O)CN3CCN(C)CC3)cc(-n3nccc3C)n2)o1,7.85,7.189205102132313
Nc1nc2c(cnn2CCc2ccc(O)cc2)c2nc(-c3ccco3)nn12,7.85,7.660418060396573
CCCn1c(=O)c2c(cc(-c3ccc(OC)cc3)n2O)n(CCC)c1=O,6.2,6.491066596450797
CCCn1c(=O)c2[nH]c(-c3cnn(-c4ccc(C)nc4)c3)nc2n(CC)c1=O,6.17,6.443032474704748
CCn1cnc2c(N)nc(NCCc3ccccc3)nc21,6.82,6.710492449253595
Cc1ccc2c(O)ccnc2n1,5.75,6.429441555029259
Nc1nc(-c2ccco2)nc2sc(CN3CCC(O)CC3)cc12,6.52,7.2413278752642825
Nc1nc(NCCCCNC(=O)c2ccc(S(=O)(=O)F)cc2)nc2nc(-c3ccco3)nn12,8.625,7.154595431343468
CCN(C(C)=O)c1ccc(OC)c2nc(NC(=O)[C@H]3CC[C@H](NC(=O)c4cccc(C(F)(F)F)c4)CC3)sc12,6.33,6.848045510313531
Cc1cccc(Nc2nc(-c3cccc(C#N)c3)c(-n3ccnc3C)s2)n1,6.76,6.759550523606871
CNC(=O)[C@]12C[C@@H]1[C@@H](n1cnc3c(NCc4cc(Cl)ccc4OCC(N)=O)nc(Cl)nc31)[C@H](O)[C@@H]2O,6.1,6.194694258870152
CCCn1c(=O)c2[nH]c(-c3ccc(OCC(=O)N4CCN(c5ccccc5)CC4)cc3)cc2n(C)c1=O,6.5,6.576110453511461
CCCC[C@H](NC(=O)CCCCCNC(=O)[C@H]1CC[C@H]2c3[nH]c4ccccc4c3CCN2C1)C(=O)N[C@@H](Cc1ccc(O)cc1)C(=O)N[C@@H](CCCCN)C(N)=O,4.8,6.685385047846225
Cn1c(=O)c2[nH]c(Cc3ccc(OCCCN4CCC5(CC4)OCCO5)cc3)nc2n(C)c1=O,8.09,6.620812160289584
O=C(Nc1nc(Cl)c2cn(CCc3ccccc3)nc2n1)c1ccccc1,5.51,6.342542557317897
COc1cc(-c2nc3c([nH]2)c(=O)n(C)c(=O)n3C)ccc1OCCN(C)C,6.22,6.475510802748843
Cc1csc(-c2coc3cc(OCC(=O)O)cc(C)c3c2=O)n1,5.675000000000001,6.694376426087826
